Yahweh	6837
Israel	2836
David	1091
Jerusalem	1031
Jesus	998
Judah	895
Moses	892
Egypt	674
Christ	562
Jews	440
Jacob	429
Saul	421
Aaron	368
Babylon	365
Solomon	316
Levites	286
Pharaoh	286
Abraham	281
Philistines	265
Joseph	261
Joshua	226
Jonathan	219
Jordan	208
Daniel	197
Zion	196
Ephraim	183
Moab	179
Benjamin	174
Judas	167
Peter	162
Paul	161
Simon	161
Jeremiah	157
Sabbath	152
Isaac	151
John	148
Manasseh	148
Joab	147
Nebuchadnezzar	146
Samuel	146
Gilead	143
Hezekiah	136
Gentiles	134
Samaria	134
Assyria	127
Beth	119
Mordecai	119
Judea	117
Ammon	114
Edom	112
Esau	112
Absalom	111
Haman	108
Elijah	106
Jeroboam	105
Eleazar	104
Esther	100
Egyptians	99
Canaan	98
Ahab	94
Chaldeans	91
Passover	91
Pharisees	89
Syria	88
Jehoshaphat	86
Galilee	85
Levi	79
Gad	78
Selah	75
Reuben	74
Hebron	73
Lebanon	73
Bethel	72
Dan	72
Jericho	70
Shechem	69
Damascus	67
Tyre	67
Abimelech	66
Antiochus	65
Sheol	65
Abram	64
Amorites	64
Abner	63
Balaam	63
Zedekiah	63
Elisha	62
Noah	62
Syrians	62
Asa	60
Bashan	60
Jehu	59
Job	59
Naphtali	59
Laban	58
Josiah	57
Ahasuerus	56
Azariah	56
Pilate	56
Isaiah	55
Satan	55
Zadok	55
Darius	54
Mary	54
Midian	54
Sarah	54
Rehoboam	53
Simeon	53
Jehoiada	52
Persia	51
Sodom	51
Ishmael	50
Bethlehem	49
Demetrius	49
Joash	49
Jesse	48
Rachel	48
Yah	48
Zebulun	48
Shimei	47
Asher	46
Cyrus	46
Jew	46
Canaanites	45
Holofernes	45
Nathan	45
Philip	45
Ahaz	44
Balak	44
Gibeah	44
Herod	44
Issachar	44
Mizpah	44
Nicanor	44
Sinai	43
Zechariah	43
Benaiah	42
Gilgal	42
James	42
Shemaiah	42
Gideon	41
Merari	41
Amaziah	40
Caleb	40
Sabbaths	40
Gath	39
Heshbon	39
Jehoiakim	39
Samson	39
Seir	39
Sidon	39
Asaph	38
Hamath	38
Hittite	38
Ramah	38
Susa	38
Ahaziah	37
Ai	37
Asherah	37
Gibeon	37
Kiriath	37
Sihon	37
Adam	36
Eli	36
Hadad	36
Hananiah	36
Jezreel	36
Jonah	36
Leah	35
Uriah	35
Antioch	34
Beersheba	34
Hilkiah	34
Micah	34
Nineveh	34
Philistine	34
Alexander	33
Esdras	33
Judith	33
Obed	33
Persians	33
Sheba	33
Shiloh	33
Tobias	33
Elam	32
Gedaliah	32
Hebrews	32
Kohath	32
Abiathar	31
Arabah	31
Ben	31
Joram	31
Maccabaeus	31
Nun	31
Rebekah	31
Abednego	30
Egyptian	30
Euphrates	30
Hebrew	30
Jephthah	30
Kadesh	30
Levite	30
Meshach	30
Ptolemy	30
Shadrach	30
Shaphan	30
Asia	29
Barnabas	29
Boaz	29
Caesar	29
Canaanite	29
Greeks	29
Jeshua	29
Phinehas	29
Tamar	29
Uzziah	29
Abijah	28
Amnon	28
Assyrians	28
Baasha	28
Baruch	28
Hermon	28
Joppa	28
Korah	28
Tarshish	28
Jebusite	27
Medes	27
Media	27
Micaiah	27
Shallum	27
Adar	26
Adonijah	26
Artaxerxes	26
Lysias	26
Macedonia	26
Nebat	26
Phoenicia	26
Ramoth	26
Zerubbabel	26
Zeruiah	26
Abishai	25
Amalek	25
Arnon	25
Ezra	25
Gomorrah	25
Johanan	25
Jotham	25
Meshullam	25
Shemesh	25
Abel	24
Ahijah	24
Amorite	24
Gaza	24
Jabesh	24
Kish	24
Lachish	24
Onias	24
Timothy	24
Cain	23
Carmel	23
Ekron	23
Ethiopia	23
Hazael	23
Hiram	23
Jehoram	23
Jezebel	23
Maaseiah	23
Nazareth	23
Raguel	23
Tobit	23
Eliab	22
Haran	22
Hazor	22
Ithamar	22
Joel	22
Machir	22
Nabal	22
Naboth	22
Naomi	22
Og	22
Perez	22
Ptolemais	22
Rimmon	22
Zerah	22
Achish	21
Ah	21
Amalekites	21
Amon	21
Ashdod	21
Asshur	21
Bacchides	21
Elkanah	21
En	21
Greek	21
Hadadezer	21
Hezron	21
Jason	21
Rome	21
Scriptures	21
Sisera	21
Tryphon	21
Ahikam	20
Ahithophel	20
Ananias	20
Aram	20
Belteshazzar	20
Bethulia	20
Eden	20
Jehoahaz	20
Nadab	20
Nethaniah	20
Obadiah	20
Seraiah	20
Geba	19
Hanan	19
Horeb	19
Jearim	19
Michael	19
Nahor	19
Sennacherib	19
Shelah	19
Shem	19
Succoth	19
Asahel	18
Baals	18
Keilah	18
Libnah	18
Manoah	18
Mattathias	18
Omri	18
Rephaim	18
Romans	18
Syrian	18
Timotheus	18
Tirzah	18
Zacharias	18
Abigail	17
Alas	17
Anathoth	17
Apollonius	17
Athaliah	17
Bel	17
Caesarea	17
Eliashib	17
Elishama	17
Ephesus	17
Gershon	17
Ham	17
Heman	17
Hivite	17
Jehoash	17
Jephunneh	17
Joakim	17
Menelaus	17
Michal	17
Moabites	17
Naaman	17
Nehemiah	17
Rabbi	17
Rabshakeh	17
Sarai	17
Vashti	17
Ahimelech	16
Ahitub	16
Amariah	16
Amasa	16
Amminadab	16
Aroer	16
Bani	16
Belshazzar	16
Capernaum	16
Eber	16
Elah	16
Ephron	16
Goshen	16
Hur	16
Jebusites	16
Josias	16
Malchijah	16
Mattaniah	16
Ner	16
Ozias	16
Reubenites	16
Uzziel	16
Ziba	16
Zimri	16
Ahimaaz	15
Alcimus	15
Azarias	15
Baptizer	15
Cilicia	15
Edomites	15
Eliakim	15
Eliezer	15
Eliphaz	15
Enoch	15
Gezer	15
Hashabiah	15
Iddo	15
Kedesh	15
Kidron	15
Kohathites	15
Lazarus	15
Levitical	15
Mephibosheth	15
Miriam	15
Mishael	15
Nebuzaradan	15
Ophir	15
Peor	15
Rabbah	15
Sidonians	15
Tobiah	15
Ziklag	15
Amram	14
Barak	14
Bela	14
Bethsura	14
Debir	14
Gadites	14
Gershom	14
Hagar	14
Hamor	14
Heth	14
Hor	14
Hushai	14
Jair	14
Jazer	14
Jeduthun	14
Jehiel	14
Jehoiachin	14
Kareah	14
Mahanaim	14
Nethanel	14
Pashhur	14
Perizzite	14
Rahab	14
Sadducees	14
Terah	14
Titus	14
Zobah	14
Abinadab	13
Abiram	13
Achior	13
Amoz	13
Andrew	13
Arioch	13
Azotus	13
Coelesyria	13
Eglon	13
Festus	13
Gazara	13
Gehenna	13
Gog	13
Hannah	13
Heliodorus	13
Hinnom	13
Jedaiah	13
Jerubbaal	13
Jewish	13
Martha	13
Megiddo	13
Nabuchodonosor	13
Nahshon	13
Nebo	13
Notwithstanding	13
Rechab	13
Remaliah	13
Ruth	13
Shealtiel	13
Shephatiah	13
Teman	13
Abihu	12
Agrippa	12
Aha	12
Anah	12
Ashkelon	12
Ashtaroth	12
Barzillai	12
Bethany	12
Cush	12
Dathan	12
Elihu	12
Ezer	12
Gehazi	12
Hoshea	12
Huram	12
Ishbosheth	12
Israelites	12
Japheth	12
Jonadab	12
Kedar	12
Lamech	12
Magdalene	12
Mahli	12
Ornan	12
Paran	12
Pharisee	12
Rehob	12
Silas	12
Tabor	12
Timnah	12
Zalmunna	12
Zebah	12
Zebedee	12
Zichri	12
Achaia	11
Barabbas	11
Barnea	11
Beor	11
Berechiah	11
Beriah	11
Bilhah	11
Cyprus	11
Deborah	11
Dedan	11
Dibon	11
Ehud	11
Er	11
Ethiopians	11
Gershonites	11
Gorgias	11
Haggai	11
Hammedatha	11
Hanani	11
Hanun	11
Harim	11
Hazar	11
Heber	11
Hepher	11
Hittites	11
Iscariot	11
Jeiel	11
Joah	11
Kenaz	11
Melchizedek	11
Mesopotamia	11
Midianites	11
Paddan	11
Pekah	11
Reuel	11
Rezin	11
Riblah	11
Susanna	11
Thomas	11
Uzzi	11
Zelophehad	11
Zorobabel	11
Aijalon	10
Ammonite	10
Amos	10
Apollos	10
Arabia	10
Arabians	10
Assyrian	10
Aven	10
Bathsheba	10
Bebai	10
Bethuel	10
Cherethites	10
Cushite	10
Dor	10
Eliel	10
Gerar	10
Immer	10
Izhar	10
Jeroham	10
Jethro	10
Jozabad	10
Kadmiel	10
Kir	10
Mamre	10
Michmash	10
Milcah	10
Millo	10
Nahash	10
Neriah	10
Nile	10
Perizzites	10
Purim	10
Sanballat	10
Seleucus	10
Seth	10
Shecaniah	10
Shelemiah	10
Tubal	10
Uzza	10
Zephaniah	10
Zin	10
Ziph	10
Zoar	10
Zorah	10
Adaiah	9
Adullam	9
Ammihud	9
Ammonites	9
Anak	9
Anakim	9
Anna	9
Araunah	9
Arba	9
Arpachshad	9
Azmaveth	9
Baanah	9
Bezalel	9
Bozrah	9
Caiaphas	9
Cornelius	9
Ecbatana	9
Elizabeth	9
Felix	9
Gaal	9
Geber	9
Gera	9
Geshur	9
Gileadite	9
Greece	9
Hathach	9
Hormah	9
India	9
Jeush	9
Jobab	9
Kittim	9
Makkedah	9
Memphis	9
Meribah	9
Meshech	9
Modin	9
Nathanael	9
Nazirite	9
Ophrah	9
Raphael	9
Shaul	9
Shobal	9
Spartans	9
Tekoa	9
Topheth	9
Urim	9
Zaccur	9
Zebadiah	9
Zur	9
Abdon	8
Adah	8
Agag	8
Akkub	8
Andronicus	8
Aphek	8
Asaiah	8
Benjamite	8
Bichri	8
Carmi	8
Chebar	8
Chemosh	8
Chislev	8
Cyrene	8
Dinah	8
Ebal	8
Edrei	8
Eliphelet	8
Elnathan	8
Elon	8
Enan	8
Gabael	8
Gilboa	8
Gittite	8
Helkias	8
Hivites	8
Israelite	8
Ittai	8
Jabin	8
Jachin	8
Jahath	8
Jeconiah	8
Jehohanan	8
Jehozadak	8
Jerahmeel	8
Jeremoth	8
Jether	8
Jezreelite	8
Luz	8
Manasses	8
Mareshah	8
Mattithiah	8
Menahem	8
Molech	8
Mushi	8
Netophathite	8
Oholibamah	8
Onan	8
Pedaiah	8
Peleg	8
Philistia	8
Pisgah	8
Rehum	8
Roman	8
Shammah	8
Shaphat	8
Sherebiah	8
Shinar	8
Shunammite	8
Tappuah	8
Uri	8
Uz	8
Zabad	8
Zibeon	8
Abiezer	7
Achan	7
Achbor	7
Achiacharus	7
Ahinoam	7
Ariel	7
Athens	7
Azekah	7
Azel	7
Babylonians	7
Basemath	7
Beelzebul	7
Bethsaida	7
Binnui	7
Chaldea	7
Chaldean	7
Delaiah	7
Dishon	7
Edna	7
El	7
Elim	7
Elioenai	7
Enosh	7
Epiphanes	7
Eshtaol	7
Ethan	7
Ezion	7
Gamaliel	7
Gedor	7
Gihon	7
Goliath	7
Habakkuk	7
Havilah	7
Hegai	7
Hoglah	7
Idumaea	7
Jabbok	7
Jahaz	7
Jared	7
Jarmuth	7
Javan	7
Jeremy	7
Jeshaiah	7
Kenites	7
Kiriathaim	7
Korahites	7
Ladan	7
Lotan	7
Lysimachus	7
Mahalalel	7
Maon	7
Meraioth	7
Methuselah	7
Oreb	7
Othniel	7
Pelethites	7
Penuel	7
Samaritans	7
Sharon	7
Shebaniah	7
Shebna	7
Shishak	7
Stephen	7
Taanach	7
Tahpanhes	7
Tarsus	7
Thummim	7
Uriel	7
Zeresh	7
Zilpah	7
Zippor	7
Zoan	7
Abarim	6
Abib	6
Abihail	6
Ahiezer	6
Ahio	6
Aiah	6
Ammiel	6
Aquila	6
Ar	6
Arabian	6
Arpad	6
Arphaxad	6
Ataroth	6
Ater	6
Azarel	6
Azrikam	6
Bagoas	6
Beeroth	6
Benhadad	6
Benjamites	6
Bezek	6
Bigvai	6
Cendebaeus	6
Cephas	6
Corinth	6
Crete	6
Delilah	6
Ebed	6
Ebedmelech	6
Edomite	6
Eliasaph	6
Elimelech	6
Ephrathah	6
Eshcol	6
Ethiopian	6
Gabriel	6
Galatia	6
Gedi	6
Gerizim	6
Geshurites	6
Gibbethon	6
Gibeonites	6
Gomer	6
Hakkoz	6
Hallelujah	6
Hanoch	6
Hazeroth	6
Hebronites	6
Heres	6
Herodias	6
Hodiah	6
Horites	6
Hosanna	6
Iconium	6
Ira	6
Ishmaelites	6
Isshiah	6
Jael	6
Jahaziel	6
Jamin	6
Jamnia	6
Jediael	6
Jerimoth	6
Joktan	6
Josedek	6
Joses	6
Kenan	6
Kenite	6
Kishon	6
Laish	6
Laodicea	6
Lud	6
Lystra	6
Machpelah	6
Malluch	6
Meremoth	6
Mizpeh	6
Moabitess	6
Naioth	6
Nazarene	6
Necoh	6
Nob	6
Oholibah	6
Pahathmoab	6
Pamphylia	6
Parosh	6
Philippi	6
Phinees	6
Praetorium	6
Reu	6
Salem	6
Sepharvaim	6
Serug	6
Shammai	6
Sharezer	6
Shean	6
Shelomoth	6
Shema	6
Shilonite	6
Shimron	6
Shittim	6
Shur	6
Tahath	6
Talmai	6
Temanite	6
Thessalonica	6
Timna	6
Tishbite	6
Tola	6
Troas	6
Uzzah	6
Zabdi	6
Zebul	6
Zeeb	6
Zerahites	6
Abidan	5
Abijam	5
Abishag	5
Abishua	5
Achor	5
Achsah	5
Addar	5
Adin	5
Admah	5
Adoni	5
Adonikam	5
Agagite	5
Ahilud	5
Ahira	5
Ahohite	5
Ain	5
Alphaeus	5
Amalekite	5
Amasai	5
Ammishaddai	5
Anath	5
Annas	5
Arad	5
Ararat	5
Archite	5
Argob	5
Aristarchus	5
Artemis	5
Azgad	5
Baalah	5
Bahurim	5
Becher	5
Bezer	5
Bildad	5
Bukki	5
Carmelite	5
Chedorlaomer	5
Chenaanah	5
Cushan	5
Danites	5
Dishan	5
Doeg	5
Dositheus	5
Eder	5
Elath	5
Elealeh	5
Elizur	5
Emmaus	5
Ephrath	5
Eshtemoa	5
Etam	5
Eupator	5
Eve	5
Gaius	5
Galileans	5
Gemariah	5
Gideoni	5
Girgashite	5
Gozan	5
Haggith	5
Hashum	5
Hasshub	5
Hattaavah	5
Hattush	5
Helez	5
Helon	5
Hophni	5
Hosah	5
Hushathite	5
Ishi	5
Japhia	5
Jezreelitess	5
Joiada	5
Joiarib	5
Jozadak	5
Kibroth	5
Lehi	5
Libanus	5
Libni	5
Lo	5
Macedonian	5
Magog	5
Mahlah	5
Malchishua	5
Marah	5
Massah	5
Matthew	5
Medeba	5
Memucan	5
Meon	5
Mica	5
Mizraim	5
Moza	5
Naamah	5
Nahath	5
Nebaioth	5
Nicodemus	5
Nimshi	5
Nisan	5
Ochran	5
Oholah	5
Oholiab	5
Ono	5
Ophel	5
Pagiel	5
Pallu	5
Pathros	5
Pedahzur	5
Pelatiah	5
Pentecost	5
Perazim	5
Pirathonite	5
Rameses	5
Rehabiah	5
Rekem	5
Rephaiah	5
Rephidim	5
Salathiel	5
Salmon	5
Samaritan	5
Shammua	5
Shedeur	5
Shelomith	5
Shelumiel	5
Sheshan	5
Shimea	5
Shual	5
Shuhite	5
Sibmah	5
Socoh	5
Talmon	5
Tel	5
Tema	5
Tychicus	5
Ur	5
Urijah	5
Zanoah	5
Zeboiim	5
Zerahiah	5
Zuar	5
Zurishaddai	5
Abaddon	4
Abinoam	4
Achzib	4
Ahiman	4
Alexandria	4
Ammonitess	4
Anathothite	4
Antichrist	4
Arah	4
Arimathaea	4
Ascalon	4
Ashan	4
Assir	4
Attai	4
Azubah	4
Baalath	4
Baana	4
Bartholomew	4
Beerothite	4
Bene	4
Beroea	4
Bethhoron	4
Bethlehemite	4
Bilhan	4
Cana	4
Carchemish	4
Chaldees	4
Chephirah	4
Chimham	4
Chinnereth	4
Derbe	4
Deuel	4
Dodo	4
Dothaim	4
Dumah	4
Eleasah	4
Elhanan	4
Eliada	4
Elizaphan	4
Enemessar	4
Epher	4
Esdraelon	4
Etham	4
Ezekiel	4
Gaash	4
Galilean	4
Giddel	4
Gileadites	4
Golan	4
Guni	4
Hadoram	4
Hagrites	4
Hanamel	4
Hananel	4
Hararite	4
Harsha	4
Henadad	4
Hodaviah	4
Horonaim	4
Hosea	4
Husham	4
Hushim	4
Imnah	4
Ishvi	4
Ithrite	4
Izharites	4
Jaakan	4
Jaazaniah	4
Jabez	4
Jairus	4
Jalam	4
Jattir	4
Jebus	4
Jehozabad	4
Jehudi	4
Jeshimoth	4
Jeshurun	4
Jeuel	4
Joahaz	4
Joiakim	4
Jokshan	4
Kedemoth	4
Kerioth	4
Keturah	4
Lod	4
Lydda	4
Maacathite	4
Maacathites	4
Mahlon	4
Malcam	4
Manassites	4
Mede	4
Melech	4
Mephaath	4
Merab	4
Merib	4
Mesha	4
Meshelemiah	4
Meunim	4
Midianite	4
Migdol	4
Mijamin	4
Mikloth	4
Misael	4
Mishma	4
Moabite	4
Moladah	4
Naamathite	4
Naarah	4
Nekoda	4
Nepheg	4
Nergal	4
Nimrod	4
Numenius	4
Oboth	4
Onam	4
Paseah	4
Pelet	4
Persian	4
Pethahiah	4
Philometor	4
Pontius	4
Priscilla	4
Pul	4
Raamah	4
Rathumus	4
Reaiah	4
Rechabites	4
Rehoboth	4
Rishathaim	4
Rizpah	4
Rogel	4
Rosh	4
Salecah	4
Salma	4
Samellius	4
Samlah	4
Sathrabuzanes	4
Seba	4
Senir	4
Sepher	4
Shamir	4
Shemariah	4
Shemer	4
Shemiramoth	4
Sheshbazzar	4
Shetharbozenai	4
Shihor	4
Shimri	4
Shimshai	4
Shobab	4
Shua	4
Shuthelah	4
Sibbecai	4
Silvanus	4
Simeonites	4
Sisinnes	4
Tattenai	4
Thyatira	4
Tob	4
Togarmah	4
Ulai	4
Ulam	4
Zacchaeus	4
Zaraias	4
Zarephath	4
Zattu	4
Zebub	4
Zephon	4
Zered	4
Zohar	4
Zophar	4
Abba	3
Abdi	3
Abiel	3
Achshaph	3
Adiel	3
Adrammelech	3
Adullamite	3
Aggaeus	3
Ahava	3
Ahisamach	3
Akrabbim	3
Alemeth	3
Allon	3
Almon	3
Alpha	3
Aminadab	3
Aner	3
Arsaces	3
Asenath	3
Ashbel	3
Asheroth	3
Ashkenaz	3
Ashtoreth	3
Asiel	3
Asriel	3
Athenobius	3
Avvim	3
Azaziah	3
Azmon	3
Azriel	3
Azzur	3
Babylonia	3
Bakbukiah	3
Bamoth	3
Beracah	3
Bernice	3
Besor	3
Bethshan	3
Bethsphage	3
Bezai	3
Bilgah	3
Bunni	3
Buz	3
Caphtor	3
Caphtorim	3
Carnaim	3
Chabris	3
Charmis	3
Chenaniah	3
Chilion	3
Chinneroth	3
Claudius	3
Cleopatra	3
Conaniah	3
Coniah	3
Daberath	3
Decapolis	3
Demas	3
Diblathaim	3
Didymus	3
Dionysus	3
Dothan	3
Ebenezer	3
Ebiasaph	3
Elishah	3
Eloth	3
Elpaal	3
Emim	3
Endor	3
Epaphras	3
Ephesians	3
Ephraimite	3
Erastus	3
Esar	3
Ezekias	3
Ezem	3
Gadarenes	3
Galal	3
Gallio	3
Gareb	3
Gatam	3
Gennesaret	3
Geshem	3
Girgashites	3
Goiim	3
Golgotha	3
Habor	3
Hachilah	3
Haddon	3
Hadid	3
Halah	3
Hamon	3
Hamul	3
Hamutal	3
Harosheth	3
Hasidaeans	3
Hauran	3
Havvoth	3
Helkath	3
Hellenists	3
Hena	3
Herodians	3
Hiddekel	3
Holon	3
Hori	3
Horonite	3
Hoshaiah	3
Huppim	3
Ibhar	3
Ibleam	3
Igal	3
Ijon	3
Ikkesh	3
Immanuel	3
Iphtah	3
Ir	3
Italy	3
Ithiel	3
Ithran	3
Ivvah	3
Jaddua	3
Janoah	3
Japhlet	3
Jarib	3
Jashobeam	3
Jashub	3
Jechonias	3
Jehonadab	3
Jekamiah	3
Jetur	3
Jewess	3
Jezer	3
Jokneam	3
Jonas	3
Jotbathah	3
Jozabdus	3
Justus	3
Kabzeel	3
Kanah	3
Kelita	3
Kemuel	3
Kenizzite	3
Kore	3
Lahai	3
Lucius	3
Ludim	3
Luke	3
Lydia	3
Macedonians	3
Maharai	3
Mahath	3
Maim	3
Malchiel	3
Manahath	3
Mattan	3
Mattenai	3
Mehetabel	3
Meholah	3
Melchias	3
Mered	3
Meshezabel	3
Mibsam	3
Milcom	3
Miletus	3
Miniamin	3
Mizzah	3
Moreh	3
Nahum	3
Nanaea	3
Naphish	3
Neariah	3
Neco	3
Nehelamite	3
Nemuel	3
Nephilim	3
Netophathites	3
Nimrah	3
Nobah	3
Oded	3
Olivet	3
Omar	3
Omega	3
Orion	3
Pekahiah	3
Pelaiah	3
Pelonite	3
Peninnah	3
Perga	3
Phicol	3
Phoros	3
Phrygia	3
Pihahiroth	3
Pileser	3
Pleiades	3
Pontus	3
Potiphar	3
Potiphera	3
Ptolemeus	3
Puah	3
Pur	3
Rabsaris	3
Roi	3
Sallu	3
Samaias	3
Sardis	3
Sedekias	3
Segub	3
Sela	3
Serah	3
Shaaraim	3
Shabbethai	3
Shan	3
Shebuel	3
Shemida	3
Sheshai	3
Shimeah	3
Shubael	3
Shunem	3
Shuppim	3
Siddim	3
Siloam	3
Soco	3
Sosipater	3
Spain	3
Stephanas	3
Tahpenes	3
Tekoite	3
Thebez	3
Thessalonians	3
Tiberias	3
Tibni	3
Tiglath	3
Tigris	3
Tilgath	3
Tobijah	3
Toi	3
Trophimus	3
Uphaz	3
Vindicate	3
Xanthicus	3
Zabdiel	3
Zalmon	3
Zarethan	3
Zeus	3
Ziha	3
Zillah	3
Zimmah	3
Zipporah	3
Zuph	3
Abda	2
Abida	2
Abiezrites	2
Abimael	2
Abishalom	2
Abishur	2
Abital	2
Abiud	2
Abronah	2
Abubus	2
Achim	2
Adasa	2
Adbeel	2
Addi	2
Adida	2
Adna	2
Adnah	2
Adoniram	2
Adoram	2
Adriel	2
Adummim	2
Aeneas	2
Agabus	2
Ahi	2
Ahiam	2
Ahihud	2
Ahitob	2
Ahlai	2
Alexandrians	2
Almodad	2
Alush	2
Aman	2
Amarias	2
Amittai	2
Ammi	2
Amok	2
Amramites	2
Amraphel	2
Amzi	2
Anab	2
Anaiah	2
Anamim	2
Anan	2
Ananiah	2
Antipater	2
Apharsachites	2
Appaim	2
Appolonius	2
Aran	2
Arbathite	2
Archippus	2
Ard	2
Areli	2
Areopagus	2
Aretas	2
Aristobulus	2
Arius	2
Arsinoe	2
Arvad	2
Ashdodites	2
Ashhur	2
Ashnah	2
Ashpenaz	2
Asmodaeus	2
Assaulting	2
Assos	2
Atad	2
Atroth	2
Avaran	2
Avith	2
Azaliah	2
Azaraias	2
Azor	2
Babel	2
Bakbuk	2
Baltasar	2
Barachel	2
Barah	2
Barkos	2
Barsabbas	2
Baz	2
Bealoth	2
Bectileth	2
Bedad	2
Bedan	2
Beeltethmus	2
Beeri	2
Belmaim	2
Beno	2
Bered	2
Berites	2
Berith	2
Besai	2
Bethbasi	2
Bethzacharias	2
Bilshan	2
Binea	2
Bithynia	2
Bocheru	2
Bochim	2
Bohan	2
Bosor	2
Bosora	2
Bozkath	2
Bugaean	2
Bukkiah	2
Buzite	2
Cabul	2
Cainan	2
Calah	2
Calcol	2
Calitas	2
Calneh	2
Cappadocia	2
Carites	2
Carmelitess	2
Carnion	2
Casiphia	2
Casluhim	2
Casphor	2
Cenchreae	2
Chaereas	2
Chelub	2
Cheran	2
Cherith	2
Chittim	2
Chobai	2
Chorazin	2
Christian	2
Cnidus	2
Colhozeh	2
Corinthians	2
Cos	2
Cozbi	2
Cretans	2
Crispus	2
Cushi	2
Darkon	2
Debar	2
Diklah	2
Dimon	2
Dinhabah	2
Dodai	2
Dophkah	2
Dorcas	2
Dorymenes	2
Dura	2
Eglah	2
Eglaim	2
Eglath	2
Ekronites	2
Ela	2
Elamites	2
Elasah	2
Eldaah	2
Eldad	2
Eleutherus	2
Eliahba	2
Eliam	2
Eliathah	2
Eliehoenai	2
Elionas	2
Eliphalat	2
Eliphelehu	2
Elishua	2
Eliud	2
Ellasar	2
Eloi	2
Eltolad	2
Elul	2
Elymais	2
Elzabad	2
Elzaphan	2
Emek	2
Enaim	2
Enon	2
Epaphroditus	2
Ephlal	2
Epiphi	2
Eri	2
Esaias	2
Eshbaal	2
Eshban	2
Eshton	2
Ether	2
Eupolemus	2
Evi	2
Evilmerodach	2
Ezbon	2
Ezel	2
Gabrias	2
Gadi	2
Gahar	2
Galeed	2
Gallim	2
Gamul	2
Gannim	2
Gauls	2
Gazez	2
Gazites	2
Gazzam	2
Gebal	2
Gebalites	2
Gederah	2
Gederoth	2
Gentile	2
Genubath	2
Gershonite	2
Gether	2
Gethsemane	2
Gibeonite	2
Giddalti	2
Giloh	2
Gilonite	2
Ginath	2
Ginnethon	2
Gittaim	2
Gittites	2
Gob	2
Gudgodah	2
Gur	2
Ha	2
Hacaliah	2
Haccherem	2
Haggi	2
Haggidgad	2
Hakkatan	2
Hakupha	2
Halak	2
Hallohesh	2
Hammath	2
Hammeah	2
Hammon	2
Hanniel	2
Haradah	2
Hareseth	2
Harhur	2
Hariph	2
Harodite	2
Hash	2
Hashabneiah	2
Hashmonah	2
Hassenuah	2
Hasupha	2
Hatipha	2
Hatita	2
Hattil	2
Hazarmaveth	2
Hazazon	2
Hazzebaim	2
Helah	2
Helam	2
Heldai	2
Helek	2
Helem	2
Heli	2
Hence	2
Hephzibah	2
Hercules	2
Hesed	2
Hethlon	2
Hezir	2
Hezro	2
Hezronites	2
Hieremoth	2
Hillel	2
Hirah	2
Hobab	2
Hotham	2
Hothir	2
Hul	2
Huldah	2
Hymenaeus	2
Ibzan	2
Ichabod	2
Idumaeans	2
Imla	2
Imlah	2
Imri	2
Irad	2
Iram	2
Irijah	2
Ishbak	2
Ishmaelite	2
Ishmaiah	2
Ishvah	2
Ithream	2
Izrahiah	2
Jaasiel	2
Jaaziah	2
Jabneel	2
Jada	2
Jahleel	2
Jahzah	2
Jahzeel	2
Jakim	2
Jambri	2
Jarah	2
Jarha	2
Jashar	2
Jechoniah	2
Jehallelel	2
Jehdeiah	2
Jehieli	2
Jehoaddah	2
Jehoiarib	2
Jehonathan	2
Jehoshabeath	2
Jekameam	2
Jemuel	2
Jerah	2
Jerahmeelites	2
Jeriah	2
Jetheth	2
Jezaniah	2
Jezelus	2
Joanna	2
Joannes	2
Joarib	2
Jochebed	2
Jogbehah	2
Joha	2
Jokmeam	2
Joktheel	2
Joribus	2
Joshaphat	2
Joshbekashah	2
Judeans	2
Juel	2
Julius	2
Jupiter	2
Kain	2
Kedemah	2
Kehelathah	2
Kenath	2
Keros	2
Kishion	2
Kolaiah	2
Kue	2
Lasthenes	2
Latin	2
Lebaoth	2
Lehabim	2
Lemuel	2
Leshem	2
Libnites	2
Libya	2
Libyans	2
Loddeus	2
Lubim	2
Luhith	2
Lycaonia	2
Lycia	2
Maaziah	2
Madai	2
Madmannah	2
Madon	2
Magdiel	2
Mahalath	2
Mahaneh	2
Mahazioth	2
Maher	2
Mahlites	2
Mahseiah	2
Maked	2
Makheloth	2
Mallothi	2
Marcaboth	2
Masrekah	2
Massa	2
Matred	2
Mattanah	2
Matthan	2
Matthanias	2
Matthat	2
Matthias	2
Medad	2
Medan	2
Mehida	2
Meholathite	2
Mehujael	2
Melah	2
Melchi	2
Menestheus	2
Merodach	2
Merom	2
Meronothite	2
Meshillemoth	2
Messiah	2
Methushael	2
Mezahab	2
Mibzar	2
Michmas	2
Michmethath	2
Migdal	2
Migron	2
Mikneiah	2
Minnith	2
Mishal	2
Misrephoth	2
Mithkah	2
Mithradates	2
Mithredath	2
Moriah	2
Moseroth	2
Mosollamus	2
Mushites	2
Mysia	2
Nabathaeans	2
Nahalal	2
Nahaliel	2
Naharai	2
Naphtuhim	2
Nazirites	2
Negev	2
Nehemias	2
Nephtoah	2
Netophah	2
Neziah	2
Nicolaitans	2
Nimrim	2
Ninevites	2
Nisroch	2
Noadiah	2
Nogah	2
Ohad	2
Onesimus	2
Onesiphorus	2
Orpah	2
Ozem	2
Padon	2
Palti	2
Paltiel	2
Paphos	2
Parbar	2
Pathrusim	2
Pekod	2
Peleth	2
Peniel	2
Pergamum	2
Pethor	2
Phaath	2
Phalaris	2
Pherezites	2
Philadelphia	2
Philopater	2
Pinon	2
Pishon	2
Pisidia	2
Pithon	2
Pochereth	2
Prisca	2
Publius	2
Punon	2
Purah	2
Puvah	2
Rabboni	2
Rabmag	2
Ragau	2
Ramath	2
Ramathaim	2
Rapha	2
Raze	2
Reba	2
Regem	2
Rezeph	2
Rhodes	2
Ribai	2
Rissah	2
Rithmah	2
Rogelim	2
Romamti	2
Rufus	2
Ruhamah	2
Sabeans	2
Sabteca	2
Sacar	2
Sallai	2
Salome	2
Salu	2
Samos	2
Sanabassar	2
Sanabassarus	2
Saphat	2
Saraias	2
Sarchedonus	2
Sarid	2
Scythian	2
Scythopolis	2
Sechenias	2
Seled	2
Senaah	2
Sered	2
Seron	2
Seveneh	2
Shaalbim	2
Shaalbonite	2
Shaaph	2
Shalal	2
Shalishah	2
Shalmaneser	2
Shamgar	2
Shashak	2
Shaveh	2
Sheariah	2
Shebnah	2
Shechemites	2
Sheerah	2
Sheleph	2
Shelishiyah	2
Shemuel	2
Shepham	2
Shepher	2
Sheshach	2
Sheva	2
Shilhi	2
Shillem	2
Shimeath	2
Shimeites	2
Shobach	2
Shobai	2
Shomer	2
Shophach	2
Shuah	2
Shuhamites	2
Shulammite	2
Shuni	2
Sirion	2
Sismai	2
Sivan	2
Smyrna	2
Sosthenes	2
Sostratus	2
Sotai	2
Sur	2
Tabbaoth	2
Tabeel	2
Taberah	2
Tabitha	2
Tahan	2
Tanhumeth	2
Tartan	2
Tekoites	2
Telassar	2
Telem	2
Temah	2
Temanites	2
Teresh	2
Tertullus	2
Thaddaeus	2
Tharrha	2
Theodotus	2
Theophilus	2
Theras	2
Tidal	2
Tikvah	2
Timnath	2
Timnathserah	2
Tiphsah	2
Tiras	2
Tirhakah	2
Tou	2
Tyrians	2
Unni	2
Urias	2
Uthai	2
Uzal	2
Uzzielites	2
Zaanannim	2
Zaavan	2
Zabbai	2
Zaccai	2
Zachariah	2
Zalmonah	2
Zeboim	2
Zebulunite	2
Zedad	2
Zedek	2
Zelek	2
Zemaraim	2
Zepho	2
Zeredah	2
Zereth	2
Zetham	2
Zibiah	2
Zillethai	2
Zimran	2
Ziphites	2
Ziv	2
Ziza	2
Zoheth	2
Zophah	2
Zophim	2
Zorathites	2
Abacuc	1
Abadias	1
Abagtha	1
Abanah	1
Abataza	1
Abdeel	1
Abdias	1
Abdiel	1
Abelcheramim	1
Abialbon	1
Abiasaph	1
Abiezrite	1
Abihud	1
Abilene	1
Abisne	1
Abissei	1
Abitub	1
Abrahamic	1
Accaba	1
Accad	1
Acco	1
Accos	1
Achaicus	1
Achar	1
Achias	1
Achipha	1
Achmetha	1
Acquaint	1
Acub	1
Acud	1
Adadah	1
Adalia	1
Adamah	1
Adami	1
Addan	1
Addo	1
Addon	1
Addus	1
Adina	1
Adino	1
Adinu	1
Adithaim	1
Adlai	1
Admatha	1
Adora	1
Adoraim	1
Adramyttium	1
Adriatic	1
Aduel	1
Aedias	1
Aesora	1
Agar	1
Agee	1
Aggaba	1
Agia	1
Agur	1
Aharah	1
Aharhel	1
Ahasbai	1
Ahban	1
Aher	1
Ahiah	1
Ahian	1
Ahimoth	1
Ahinadab	1
Ahiram	1
Ahiramites	1
Ahishahar	1
Ahishar	1
Ahlab	1
Ahoah	1
Ahumai	1
Ahuzzam	1
Ahuzzath	1
Ahzai	1
Aiath	1
Aija	1
Akan	1
Akatan	1
Akeldama	1
Akkos	1
Akrabattine	1
Alamoth	1
Alema	1
Alexandrian	1
Aliah	1
Alian	1
Allammelech	1
Allar	1
Allemeth	1
Alvah	1
Alvan	1
Amad	1
Amal	1
Amam	1
Amana	1
Amashsai	1
Amasiah	1
Ami	1
Ammah	1
Ammidioi	1
Ammihur	1
Ammizabad	1
Ammoni	1
Amphipolis	1
Amplias	1
Amuse	1
Anael	1
Anaharath	1
Anammelech	1
Anani	1
Ananiel	1
Anem	1
Aniam	1
Anim	1
Annis	1
Annus	1
Annuus	1
Anos	1
Anoth	1
Anthothijah	1
Antilibanus	1
Antiochians	1
Antiochis	1
Antipas	1
Antipatris	1
Anub	1
Apame	1
Apelles	1
Aphaerema	1
Apharsathchites	1
Apharsites	1
Aphekah	1
Apherra	1
Aphiah	1
Aphik	1
Apollonia	1
Apollophanes	1
Apollyon	1
Apphia	1
Apphus	1
Appius	1
Ara	1
Arab	1
Aradus	1
Aramaic	1
Aramitess	1
Ararite	1
Arathes	1
Arbatta	1
Arbel	1
Arbela	1
Arbite	1
Arbonai	1
Archelaus	1
Archevites	1
Archites	1
Ardat	1
Ardites	1
Ardon	1
Arelites	1
Areopagite	1
Ares	1
Aridai	1
Aridatha	1
Arieh	1
Arim	1
Arisai	1
Arkesaeus	1
Arkite	1
Arkites	1
Arming	1
Armoni	1
Arna	1
Arnan	1
Arod	1
Arodi	1
Arodites	1
Aroerite	1
Arom	1
Arsaeus	1
Arsiphurith	1
Artemas	1
Arubboth	1
Arumah	1
Arvadite	1
Arvadites	1
Arza	1
Arzareth	1
Asadias	1
Asana	1
Asara	1
Asaramel	1
Asarel	1
Asbasareth	1
Aseas	1
Asebebias	1
Asebias	1
Asharelah	1
Ashbea	1
Ashbelites	1
Asherites	1
Ashima	1
Ashkelonites	1
Ashterathite	1
Ashteroth	1
Ashurites	1
Ashvath	1
Asiarchs	1
Asiatic	1
Asibas	1
Asipha	1
Asnah	1
Asom	1
Aspatha	1
Asphar	1
Aspharsus	1
Asrielites	1
Assamias	1
Assaphioth	1
Assassins	1
Asshurim	1
Assur	1
Astad	1
Astath	1
Astounding	1
Astyages	1
Asur	1
Asyncritus	1
Atar	1
Atarah	1
Atergatis	1
Ateta	1
Athach	1
Athaiah	1
Atharim	1
Athenians	1
Athlai	1
Atipha	1
Attach	1
Attalia	1
Attalus	1
Attharates	1
Attharias	1
Attus	1
Augia	1
Augustan	1
Augustus	1
Auteas	1
Aviv	1
Avva	1
Avvites	1
Azael	1
Azaelus	1
Azaniah	1
Azaru	1
Azaz	1
Azbuk	1
Azetas	1
Aziei	1
Aziel	1
Aziza	1
Aznoth	1
Azzah	1
Azzan	1
Baale	1
Baalis	1
Baalsamus	1
Baani	1
Baara	1
Baaseiah	1
Babi	1
Babylonian	1
Bacchurus	1
Bacenor	1
Bacuth	1
Baean	1
Bago	1
Bagoi	1
Baharumite	1
Baiterus	1
Bakbakkar	1
Balah	1
Balamon	1
Balnuus	1
Bamah	1
Banaias	1
Banias	1
Bannas	1
Banneas	1
Bannus	1
Barachiah	1
Baraze	1
Barchus	1
Barea	1
Barhumite	1
Bariah	1
Barodis	1
Barticus	1
Bartimaeus	1
Basaloth	1
Bascama	1
Bassai	1
Basshebeth	1
Basthai	1
Bathrabbim	1
Bathshua	1
Bavvai	1
Bayith	1
Bazan	1
Bazlith	1
Bazluth	1
Bealiah	1
Becherites	1
Becorath	1
Bedeiah	1
Beeliada	1
Beelsarus	1
Beera	1
Beerah	1
Beerothites	1
Beholding	1
Belaites	1
Belemus	1
Belial	1
Beninu	1
Benoni	1
Benoth	1
Beon	1
Bera	1
Beraiah	1
Berak	1
Berea	1
Beri	1
Berodach	1
Beroth	1
Berothah	1
Berothai	1
Berothite	1
Besodeiah	1
Betah	1
Betane	1
Beten	1
Bethasmoth	1
Bethelite	1
Bether	1
Bethesda	1
Bethlomon	1
Bethsuron	1
Bethul	1
Betolion	1
Betomasthaim	1
Betomesthaim	1
Betonim	1
Beulah	1
Bezeth	1
Bidkar	1
Bigtha	1
Bigthan	1
Bigthana	1
Bileam	1
Bilgai	1
Bimhal	1
Biri	1
Birsha	1
Birzaith	1
Bishlam	1
Bithiah	1
Bithron	1
Biziothiah	1
Biztha	1
Blastus	1
Boanerges	1
Boccas	1
Borashan	1
Borith	1
Bougean	1
Bozez	1
Brethren	1
Bugathan	1
Bul	1
Bunah	1
Buzi	1
Cabbon	1
Calamolalus	1
Callisthenes	1
Calno	1
Canaanitess	1
Candace	1
Canneh	1
Capharsalama	1
Caphira	1
Carabasion	1
Caria	1
Carmites	1
Carmonians	1
Carpus	1
Carshena	1
Caspin	1
Cathua	1
Chadiasai	1
Chaldaeans	1
Chalphi	1
Chanuneus	1
Chaphenatha	1
Charaathalan	1
Charax	1
Charea	1
Charme	1
Chaseba	1
Chelal	1
Chellians	1
Chellus	1
Chelod	1
Chelubai	1
Cheluhi	1
Chenani	1
Chephar	1
Chesalon	1
Chesed	1
Chesil	1
Chesulloth	1
Chezib	1
Chidon	1
Chileab	1
Chilmad	1
Chios	1
Chisel	1
Chislon	1
Chisloth	1
Chitlish	1
Chloe	1
Choba	1
Chola	1
Chorbe	1
Chosameus	1
Christians	1
Chusi	1
Chuzas	1
Clauda	1
Claudia	1
Clement	1
Cleopas	1
Clopas	1
Coele	1
Colius	1
Colossae	1
Confessedly	1
Corban	1
Cosam	1
Cozeba	1
Crates	1
Crescens	1
Crucifying	1
Cun	1
Cushites	1
Cuth	1
Cutha	1
Cuthah	1
Cyamon	1
Cyprians	1
Cyrenians	1
Dabbesheth	1
Dabria	1
Dacubi	1
Daisan	1
Dalan	1
Dalmanutha	1
Dalmatia	1
Dalphon	1
Damaris	1
Damascenes	1
Dannah	1
Daphne	1
Dara	1
Darda	1
Dathema	1
Debate	1
Dedanites	1
Dehaites	1
Deity	1
Deker	1
Delos	1
Delphon	1
Demophon	1
Diblah	1
Diblaim	1
Dibri	1
Dilean	1
Dimnah	1
Dimonah	1
Dinaites	1
Dionysia	1
Dionysius	1
Dioscorinthius	1
Diotrephes	1
Diphath	1
Dizahab	1
Dodanim	1
Dodavahu	1
Dok	1
Dotaea	1
Drimulus	1
Drusilla	1
Ebez	1
Ebron	1
Eddinus	1
Edos	1
Ehi	1
Ekbatana	1
Eker	1
Ekrebel	1
Elasa	1
Elberith	1
Elead	1
Eleadah	1
Eleazer	1
Eleph	1
Eliadas	1
Eliali	1
Eliaonias	1
Eliasib	1
Eliasibus	1
Eliasimus	1
Eliasis	1
Elidad	1
Elienai	1
Elihoreph	1
Elika	1
Eliphal	1
Elishaphat	1
Elisheba	1
Elkiah	1
Elkoshite	1
Elmodam	1
Elnaam	1
Elohe	1
Elonites	1
Elpelet	1
Elteke	1
Eltekeh	1
Eltekon	1
Eluzai	1
Elymaeans	1
Elymas	1
Emadabun	1
Ematheis	1
Embarking	1
Emmer	1
Emmeruth	1
Enam	1
Enasibus	1
Endear	1
Eneneus	1
Engannim	1
Enlisting	1
Ennatan	1
Enos	1
Ensure	1
Epaenetus	1
Ephai	1
Ephesdammim	1
Ephesian	1
Ephphatha	1
Ephraimites	1
Ephrathite	1
Ephrathites	1
Epicurean	1
Eran	1
Eranites	1
Erech	1
Erites	1
Esdris	1
Esek	1
Eserebias	1
Eshan	1
Eshek	1
Eshtaolites	1
Eshtemoh	1
Eshterah	1
Esli	1
Esteem	1
Esyelus	1
Ethanim	1
Ethanus	1
Ethbaal	1
Ethkazin	1
Ethnan	1
Ethni	1
Eubulus	1
Eumenes	1
Eunice	1
Euodia	1
Euroclydon	1
Eutychus	1
Extort	1
Ezbai	1
Eznite	1
Ezora	1
Ezrah	1
Ezrahite	1
Ezri	1
Ezril	1
Figuratively	1
Fix	1
Fortunatus	1
Founder	1
Fraudulent	1
Gabatha	1
Gabbai	1
Gabbatha	1
Gabbe	1
Gaddah	1
Gaddi	1
Gaddiel	1
Gaddis	1
Gader	1
Gadite	1
Gaham	1
Gai	1
Galatians	1
Gamael	1
Garmite	1
Gas	1
Gashmu	1
Gazera	1
Ge	1
Gebim	1
Geddur	1
Geder	1
Gederathite	1
Gederite	1
Gederothaim	1
Geliloth	1
Gemalli	1
Gennaeus	1
Gennesareth	1
Gergesenes	1
Gerrenians	1
Gerson	1
Geruth	1
Geshan	1
Geuel	1
Giah	1
Gibbar	1
Gibea	1
Gibeath	1
Gibeathite	1
Gidom	1
Gilalai	1
Gimzo	1
Ginnethoi	1
Girzites	1
Gishpa	1
Gizonite	1
Goah	1
Godward	1
Gortyna	1
Gotholias	1
Gothoniel	1
Gunites	1
Haahashtari	1
Habaiah	1
Habazziniah	1
Hachmoni	1
Hachmonite	1
Hadadrimmon	1
Hadar	1
Hadashah	1
Hadassah	1
Hadattah	1
Haddah	1
Hadlai	1
Hadrach	1
Hagab	1
Hagaba	1
Hagabah	1
Haggedolim	1
Haggiah	1
Haggites	1
Hagri	1
Hagrite	1
Hahiroth	1
Hakkore	1
Halhul	1
Hali	1
Halicarnassus	1
Hamathite	1
Hamathites	1
Hammahlekoth	1
Hammiphkad	1
Hammolecheth	1
Hammothdor	1
Hammuel	1
Hamonah	1
Hamran	1
Hamulites	1
Hanes	1
Hannathon	1
Hanochites	1
Hapharaim	1
Happizzez	1
Happuch	1
Hara	1
Haram	1
Harashim	1
Harbona	1
Harbonah	1
Hareph	1
Harhaiah	1
Harhas	1
Harmagedon	1
Harmon	1
Harnepher	1
Harod	1
Haroeh	1
Harorite	1
Harsith	1
Harum	1
Harumaph	1
Haruphite	1
Haruz	1
Hasadiah	1
Hashabnah	1
Hashbaddanah	1
Hashem	1
Hashubah	1
Hasrah	1
Hassenaah	1
Hassophereth	1
Hathath	1
Hatticon	1
Havens	1
Hazaiah	1
Hazarshual	1
Hazer	1
Haziel	1
Hazo	1
Hazzelelponi	1
Hazzurim	1
Heberites	1
Hebrewess	1
Hegemonides	1
Helbah	1
Helbon	1
Heleb	1
Heled	1
Helekites	1
Heleph	1
Helkai	1
Hemdan	1
Hepherites	1
Hereby	1
Heresh	1
Hereth	1
Hermas	1
Hermes	1
Hermogenes	1
Herodion	1
Heshmon	1
Hey	1
Hezion	1
Hiddai	1
Hiel	1
Hierapolis	1
Hiereel	1
Hiermas	1
Hieronymus	1
Hilen	1
Hizki	1
Hizkiah	1
Hobah	1
Hobaiah	1
Hod	1
Hodesh	1
Hodevah	1
Hodshi	1
Hoham	1
Hoisting	1
Holies	1
Homam	1
Hophra	1
Horam	1
Horem	1
Horite	1
Hoshama	1
Hozai	1
Hukkok	1
Hukok	1
Humtah	1
Hupham	1
Huphamites	1
Huppah	1
Hurai	1
Huri	1
Hurling	1
Hush	1
Hushah	1
Huzoth	1
Hydaspes	1
Hyenas	1
Hyrcanus	1
Iadinus	1
Ibneiah	1
Ibnijah	1
Ibri	1
Ibsam	1
Idalah	1
Idbash	1
Iduel	1
Ieddias	1
Iezer	1
Iezerites	1
Igdaliah	1
Iim	1
Ilai	1
Iliadun	1
Illyricum	1
Imalcue	1
Imna	1
Imnites	1
Imrah	1
Indian	1
Iob	1
Iphdeiah	1
Iri	1
Irpeel	1
Irshemesh	1
Iru	1
Iscah	1
Isdael	1
Ishbah	1
Ishbibenob	1
Ishhod	1
Ishma	1
Ishmerai	1
Ishpah	1
Ishpan	1
Ishvites	1
Ismachiah	1
Ismaerus	1
Isshijah	1
Istalcurus	1
Italian	1
Italians	1
Ithai	1
Ithlah	1
Ithmah	1
Ithnan	1
Ithra	1
Ithrites	1
Ituraea	1
Iye	1
Iyeabarim	1
Iyim	1
Izliah	1
Izrahite	1
Izri	1
Izziah	1
Jaakobah	1
Jaala	1
Jaalah	1
Jaan	1
Jaar	1
Jaare	1
Jaareshiah	1
Jaasu	1
Jaaziel	1
Jabal	1
Jabneh	1
Jacan	1
Jachinites	1
Jacubus	1
Jaddus	1
Jadon	1
Jagur	1
Jahdai	1
Jahdiel	1
Jahdo	1
Jahleelites	1
Jahmai	1
Jahzeelites	1
Jahzeiah	1
Jahzerah	1
Jahziel	1
Jairite	1
Jakeh	1
Jalon	1
Jambres	1
Jaminites	1
Jamlech	1
Jamnites	1
Janai	1
Janim	1
Jannai	1
Jannes	1
Japhletites	1
Jareb	1
Jarimoth	1
Jarkon	1
Jaroah	1
Jasaelus	1
Jashen	1
Jashubilehem	1
Jashubites	1
Jasubas	1
Jathan	1
Jathniel	1
Jaziz	1
Jeatherai	1
Jeberechiah	1
Jechiliah	1
Jecoliah	1
Jeconias	1
Jeddu	1
Jedeus	1
Jedidah	1
Jedidiah	1
Jeeli	1
Jeelus	1
Jegar	1
Jehezkel	1
Jehiah	1
Jehizkiah	1
Jehoaddan	1
Jehoaddin	1
Jehosheba	1
Jehubbah	1
Jehucal	1
Jehud	1
Jehuel	1
Jekabzeel	1
Jekuthiel	1
Jemimah	1
Jemnaan	1
Jerechu	1
Jered	1
Jeremai	1
Jeremias	1
Jeremiel	1
Jeribai	1
Jeriel	1
Jerijah	1
Jerioth	1
Jerub	1
Jerubbesheth	1
Jeruel	1
Jerusha	1
Jerushah	1
Jeshanah	1
Jesharelah	1
Jeshebeab	1
Jesher	1
Jeshishai	1
Jeshohaiah	1
Jesias	1
Jesimiel	1
Jeuz	1
Jewry	1
Jezerites	1
Jeziel	1
Jezrahiah	1
Jezrielus	1
Jidlaph	1
Joachaz	1
Joadanus	1
Joanan	1
Joda	1
Joed	1
Joelah	1
Joezer	1
Jogli	1
Jokdeam	1
Jokim	1
Jonan	1
Jorah	1
Jorai	1
Jorim	1
Jorkeam	1
Josabdus	1
Josaphias	1
Jose	1
Josephus	1
Joshah	1
Joshaviah	1
Josheb	1
Joshibiah	1
Josiphiah	1
Jotbah	1
Jothan	1
Jozacar	1
Jubal	1
Jucal	1
Jude	1
Julia	1
Junia	1
Jushab	1
Jutah	1
Juttah	1
Kadmonites	1
Kallai	1
Kamon	1
Kar	1
Kariathiarius	1
Karka	1
Karkor	1
Karnaim	1
Kartah	1
Kartan	1
Kattath	1
Kelaiah	1
Kenizzites	1
Keras	1
Keren	1
Ketab	1
Keziah	1
Keziz	1
Kibzaim	1
Kilan	1
Kinah	1
Kirama	1
Kishi	1
Kitron	1
Koa	1
Konae	1
Korahite	1
Kushaiah	1
Laadah	1
Labana	1
Laccunus	1
Lacedaemonians	1
Ladder	1
Lael	1
Lahad	1
Lahmam	1
Lahmi	1
Laishah	1
Lakkum	1
Laodiceans	1
Lappidoth	1
Lasea	1
Lasha	1
Lassharon	1
Lebana	1
Lebanah	1
Lebbaeus	1
Lebkamai	1
Lebonah	1
Lecah	1
Lessau	1
Letushim	1
Leummim	1
Levis	1
Libertines	1
Likhi	1
Linus	1
Lodebar	1
Lois	1
Lothasubus	1
Lozon	1
Lysanias	1
Maacath	1
Maadai	1
Maadiah	1
Maai	1
Maani	1
Maarath	1
Maareh	1
Maasai	1
Maaseas	1
Maasmas	1
Maath	1
Maaz	1
Macalon	1
Machbannai	1
Machbena	1
Machi	1
Machirites	1
Machnadebai	1
Macron	1
Madmenah	1
Maelus	1
Magbish	1
Magdala	1
Magormissabib	1
Magpiash	1
Mahalaleel	1
Mahavite	1
Mahol	1
Maiannas	1
Makaz	1
Maktesh	1
Malachi	1
Malachy	1
Malchielites	1
Malchiram	1
Malchus	1
Malisear	1
Malluchi	1
Mallus	1
Malta	1
Maltanneus	1
Mamdai	1
Mamnitamenus	1
Mamuchus	1
Manaen	1
Manahathites	1
Manasseas	1
Manes	1
Mani	1
Manius	1
Maoch	1
Maonites	1
Mara	1
Maralah	1
Mardocheus	1
Marimoth	1
Marisa	1
Marmasima	1
Marmoth	1
Maroth	1
Marsena	1
Mash	1
Mashal	1
Masias	1
Massias	1
Mathelas	1
Matrites	1
Mattatha	1
Mattattah	1
Mazitias	1
Mearah	1
Mebunnai	1
Mecherathite	1
Meconah	1
Medaba	1
Meedda	1
Mehir	1
Mehuman	1
Melatiah	1
Melchiel	1
Melea	1
Memeroth	1
Memmius	1
Menan	1
Menuhoth	1
Meonenim	1
Meonothai	1
Meraiah	1
Merarites	1
Merathaim	1
Mercury	1
Meres	1
Merhak	1
Meribath	1
Meriboth	1
Meron	1
Meroz	1
Merran	1
Mesaloth	1
Meshillemith	1
Meshobab	1
Meshullemeth	1
Meunites	1
Mezobaite	1
Mibhar	1
Micheas	1
Michri	1
Middin	1
Milalai	1
Minni	1
Mirmah	1
Misgab	1
Misham	1
Mishmannah	1
Mishpat	1
Mishraites	1
Mispar	1
Mispereth	1
Mithnite	1
Mitylene	1
Mizar	1
Mnason	1
Moadiah	1
Mochmur	1
Moeth	1
Molid	1
Moloch	1
Momdis	1
Mooli	1
Moossias	1
Morasheth	1
Morashtite	1
Moresheth	1
Moserah	1
Mozah	1
Muppim	1
Muster	1
Myndos	1
Myra	1
Naam	1
Naamites	1
Naarai	1
Naaran	1
Naathus	1
Nabarias	1
Nacon	1
Nadabath	1
Naggai	1
Nahalol	1
Naham	1
Nahamani	1
Nahbi	1
Naidus	1
Nain	1
Naphisi	1
Narcissus	1
Nasbas	1
Nasi	1
Nathanias	1
Nazarenes	1
Nazarites	1
Neah	1
Neapolis	1
Neballat	1
Nebushazban	1
Nedabiah	1
Nehum	1
Nehushta	1
Nehushtan	1
Neiel	1
Nekodan	1
Nemuelites	1
Nephisim	1
Nephthai	1
Nephthar	1
Nephushesim	1
Nereus	1
Neri	1
Nerias	1
Netaim	1
Netophas	1
Nezib	1
Nibhaz	1
Nibshan	1
Nicolaus	1
Nicopolis	1
Niger	1
Ninevah	1
Niphis	1
Nobai	1
Nodab	1
Noeba	1
Nohah	1
Nooma	1
Nophah	1
Nymphas	1
Oabdius	1
Obal	1
Obdia	1
Obeth	1
Obil	1
Ochielus	1
Ocidelus	1
Ocina	1
Odomera	1
Ohel	1
Olamus	1
Olympas	1
Olympian	1
Onus	1
Ophni	1
Oregim	1
Oren	1
Orthosia	1
Osaias	1
Osea	1
Oseas	1
Osnappar	1
Othni	1
Othonias	1
Outlaws	1
Oziel	1
Ozni	1
Oznites	1
Paarai	1
Pachon	1
Pai	1
Palal	1
Palluites	1
Paltite	1
Pamper	1
Paneah	1
Parah	1
Parmashta	1
Parmenas	1
Parnach	1
Parshandatha	1
Parthians	1
Paruah	1
Parvaim	1
Pasach	1
Pasdammim	1
Passovers	1
Patara	1
Patheus	1
Patmos	1
Patrobas	1
Patroclus	1
Pau	1
Paulus	1
Pause	1
Pazzez	1
Pedahel	1
Pedias	1
Pelaliah	1
Peresh	1
Perezites	1
Perida	1
Persepolis	1
Perseus	1
Persis	1
Peruda	1
Pethuel	1
Peullethai	1
Phacareth	1
Phaisur	1
Phaldeus	1
Phaleas	1
Phalias	1
Phaltiel	1
Phanuel	1
Pharadatha	1
Pharakim	1
Pharathon	1
Phares	1
Pharida	1
Pharoah	1
Pharpar	1
Pharsannes	1
Phaselis	1
Phasga	1
Phasiron	1
Phassurus	1
Philemon	1
Philetus	1
Philippians	1
Philologus	1
Philopator	1
Phinoe	1
Phlegon	1
Phoebe	1
Phoenix	1
Phrygian	1
Phygelus	1
Pibeseth	1
Pildash	1
Pilha	1
Piltai	1
Piram	1
Pirathon	1
Pispa	1
Pithom	1
Plenteousness	1
Polish	1
Poratha	1
Porcius	1
Posidonius	1
Preserver	1
Prochorus	1
Pudens	1
Punites	1
Puteoli	1
Puthites	1
Putiel	1
Quartus	1
Quintus	1
Quirinius	1
Raama	1
Raamiah	1
Raamses	1
Rabbith	1
Raca	1
Racal	1
Raddai	1
Raham	1
Rakem	1
Rakkath	1
Rakkon	1
Ramathite	1
Ramiah	1
Raphah	1
Raphaim	1
Raphia	1
Raphon	1
Raphu	1
Rasses	1
Razis	1
Recah	1
Reelaiah	1
Reelias	1
Rei	1
Remeth	1
Repairer	1
Rephael	1
Rephah	1
Rephan	1
Resaias	1
Resen	1
Resheph	1
Reubenite	1
Reumah	1
Rezon	1
Rhegium	1
Rhesa	1
Rhoda	1
Rhodocus	1
Rimmono	1
Rinnah	1
Riphath	1
Rizia	1
Rodanim	1
Rohgah	1
Roimus	1
Rumah	1
Ruphaeus	1
Sabanneus	1
Sabannus	1
Sabateus	1
Sabathus	1
Sabbateus	1
Sabbeus	1
Sabi	1
Sabias	1
Sabie	1
Sabta	1
Sabtah	1
Sadduk	1
Sadoc	1
Sahadutha	1
Salamiel	1
Salamis	1
Salasadai	1
Salemas	1
Salim	1
Salimoth	1
Sallumus	1
Salmai	1
Salmananser	1
Salmone	1
Saloas	1
Salom	1
Salum	1
Samatus	1
Sameus	1
Samgarnebo	1
Sammus	1
Samothrace	1
Sampsames	1
Sanaas	1
Sanasib	1
Sannah	1
Sansannah	1
Saph	1
Saphatias	1
Saphuthi	1
Sapphira	1
Sarabias	1
Saraph	1
Sarbaca	1
Sarea	1
Sargon	1
Sarothie	1
Sarsathaeus	1
Sarsechim	1
Savias	1
Sceva	1
Schedia	1
Scythians	1
Scythopolitans	1
Sebam	1
Sebat	1
Secacah	1
Secu	1
Secundus	1
Seirah	1
Selemia	1
Selemias	1
Seleucia	1
Selucia	1
Semachiah	1
Semei	1
Semein	1
Semeis	1
Seneh	1
Sennacherim	1
Seorim	1
Sephar	1
Sepharad	1
Sepharvites	1
Serar	1
Seredites	1
Sergius	1
Sesis	1
Sesthel	1
Sethur	1
Shaalabbin	1
Shaalim	1
Shaashgaz	1
Shachia	1
Shagee	1
Shahar	1
Shaharaim	1
Shahazumah	1
Shallecheth	1
Shallun	1
Shalman	1
Shama	1
Shamhuth	1
Shamlai	1
Shamma	1
Shammoth	1
Shamsherai	1
Shapham	1
Shaphir	1
Sharai	1
Sharar	1
Sharonite	1
Sharuhen	1
Shashai	1
Shaulites	1
Shavsha	1
Sheal	1
Shearjashub	1
Shebarim	1
Shebat	1
Sheber	1
Shechemite	1
Shehariah	1
Shelanites	1
Shelesh	1
Shelomi	1
Shemaah	1
Shemeber	1
Shemed	1
Shemidaites	1
Shen	1
Shenazzar	1
Shephi	1
Shepho	1
Shephupham	1
Shephuphan	1
Sheresh	1
Sheth	1
Shethar	1
Shibah	1
Shibboleth	1
Shihorlibnath	1
Shikkeron	1
Shilhim	1
Shillemites	1
Shiloah	1
Shilonites	1
Shilshah	1
Shimeam	1
Shimeathites	1
Shimeon	1
Shimon	1
Shimrath	1
Shimrith	1
Shimronites	1
Shinab	1
Shion	1
Shiphi	1
Shiphmite	1
Shiphrah	1
Shiphtan	1
Shisha	1
Shitrai	1
Shittah	1
Shiza	1
Shoa	1
Shobek	1
Shobi	1
Shoham	1
Shuhah	1
Shuham	1
Shumathites	1
Shunites	1
Shuphamites	1
Shushanchites	1
Shuthelahites	1
Sia	1
Siaha	1
Sibboleth	1
Sibraim	1
Sicyon	1
Silla	1
Sinim	1
Sinite	1
Sinites	1
Siphmoth	1
Sippai	1
Sirach	1
Sirah	1
Sithri	1
Sitnah	1
Siyon	1
Sodi	1
Someis	1
Sopater	1
Sophereth	1
Sophonias	1
Sorek	1
Sparta	1
Stachys	1
Stalwart	1
Stoic	1
Sua	1
Suah	1
Subai	1
Subas	1
Sucathites	1
Sud	1
Sudias	1
Suf	1
Sukkiim	1
Suphah	1
Susah	1
Susi	1
Susim	1
Sychar	1
Syntyche	1
Syracuse	1
Syrophoenician	1
Syrtis	1
Taanath	1
Tabaoth	1
Tabbath	1
Tabellius	1
Tabrimmon	1
Tadmor	1
Tahanites	1
Tahash	1
Tahchemonite	1
Tahrea	1
Tahtim	1
Talitha	1
Tammuz	1
Tanis	1
Taphath	1
Taralah	1
Tarea	1
Tarpelites	1
Tartak	1
Tartarus	1
Taverns	1
Tebah	1
Tebaliah	1
Tebeth	1
Tehaphnehes	1
Tehinnah	1
Tekoah	1
Telah	1
Telaim	1
Temeni	1
Tephon	1
Tertius	1
Tharaba	1
Thassi	1
Thelersas	1
Thermeleth	1
Theudas	1
Thisbe	1
Thocanus	1
Thomei	1
Thracian	1
Tiberius	1
Tibhath	1
Tilon	1
Timaeus	1
Timnite	1
Timon	1
Tirathites	1
Tirhanah	1
Tiria	1
Titans	1
Tizite	1
Toah	1
Tobadonijah	1
Tobiel	1
Tochen	1
Tohu	1
Tokhath	1
Tolad	1
Tolaites	1
Tolbanes	1
Tolman	1
Tophel	1
Trachonitis	1
Tripolis	1
Trogyllium	1
Tryphaena	1
Tryphosa	1
Tubias	1
Tubieni	1
Tuck	1
Twin	1
Tyrannus	1
Ucal	1
Uel	1
Ulla	1
Ummah	1
Unno	1
Unperceived	1
Urbanus	1
Uta	1
Uthi	1
Uzai	1
Uzzen	1
Uzzia	1
Vaheb	1
Vaizatha	1
Vaniah	1
Vedan	1
Vophsi	1
Wakeful	1
Zaanan	1
Zabadaeans	1
Zabadeas	1
Zabbud	1
Zabdeus	1
Zabud	1
Zabuthaeus	1
Zacharais	1
Zacharius	1
Zachary	1
Zaham	1
Zair	1
Zalaph	1
Zambri	1
Zamoth	1
Zamzummim	1
Zaphenath	1
Zaphon	1
Zarakes	1
Zardeus	1
Zathoes	1
Zatholtha	1
Zathui	1
Zaza	1
Zebidah	1
Zebina	1
Zebulunites	1
Zecher	1
Zechrias	1
Zela	1
Zelah	1
Zelzah	1
Zemarite	1
Zemarites	1
Zemirah	1
Zenan	1
Zenas	1
Zephath	1
Zephathah	1
Zephi	1
Zephonites	1
Zer	1
Zererah	1
Zeri	1
Zeror	1
Zeruah	1
Zethan	1
Zethar	1
Zia	1
Zibia	1
Ziddim	1
Zina	1
Zior	1
Ziphah	1
Ziphion	1
Ziphron	1
Ziz	1
Zizah	1
Zobebah	1
Zoheleth	1
Zophai	1
Zorites	1
Zorzelleus	1
Zuriel	1
Zuzim	1
