# Sojourner — the names of scripture, and how the voice says them.
#
# Generated by tools/names/compose.py from the sources in assets/names-source/;
# do not edit by hand. Columns (tab-separated):
#   word        exactly as spelled in the World English Bible text (case matters)
#   phonemes    espeak-ng phoneme mnemonics for its English ("en") voice, as
#               written inside [[ ]] — ' before the stressed syllable
#   as written  the pronunciation as the source gives it, for checking
#   source      an id from assets/SOURCES.md section 5
#
# Every row changes something: a name the voice already says as the source
# says it gets no row.
#
Aaron	'Er@n	EH1 R AH0 N	cmudict
Abaddon	@'bad@n	A-bad′don.	chambers1908
Abarim	'ab@rIm	Ab′a-rim.	chambers1908
Abednego	@'bEdn@goU	A-bed′ne-gō.	chambers1908
Abiathar	@'baI@T@	A-bī′a-thar.	chambers1908
Abiezer	@bi'i:z@	A-bi-ē′zer.	chambers1908
Abigail	'ab@g,eIl	AE1 B AH0 G EY2 L	cmudict
Abihu	@'baIhju:	A-bī′hū.	chambers1908
Abijah	@'baIdZ@	A-bī′jah.	chambers1908
Abijam	@'baIdZ@m	A-bī′jam.	chambers1908
Abilene	'abIl,i:n	AE1 B IH0 L IY2 N	cmudict
Abimael	,abIm'eIl	AE2 B IH0 M EY1 L	cmudict
Abimelech	@'bIm@l@k	A-bim′e-lech.	chambers1908
Abinadab	@'bIn@d@b	A-bin′a-dab.	chambers1908
Abiram	@'baIr@m	A-bī′ram.	chambers1908
Abishag	'abIS@g	Ab′i-shag.	chambers1908
Abishai	@'bISeIaI	A-bish′ā-ī.	chambers1908
Abner	'abn@	AE1 B N ER0	cmudict
Absalom	'abs@l@m	AE1 B S AH0 L AH0 M	cmudict
Acco	'akoU	AE1 K OW0	cmudict
Achaia	@'keIj@	A-chā′ia (′ya, ''or'' a-kī′a).	chambers1908
Achor	'eIk@	EY1 K ER0	cmudict
Adah	'adA:	AE1 D AA0	cmudict
Adalia	A:d'A:li:@	AA0 D AA1 L IY0 AH0	cmudict
Adami	A:d'A:mi:	AA0 D AA1 M IY0	cmudict
Adina	A:d'i:n@	AA0 D IY1 N AH0	cmudict
Adino	@'daInoU	A-dī′nō (''or'' Ad′i-nō)	chambers1908
Adlai	A:dl'A:i:	AA0 D L AA1 IY0	cmudict
Adonijah	@d@'naIdZ@	Ad-o-nī′jah.	chambers1908
Adoniram	@d@'naIr@m	Ad-o-nī′ram.	chambers1908
Adora	A:d'O:r@	AA0 D AO1 R AH0	cmudict
Adrammelech	@'dram@l@k	A-dram′me-lech.	chambers1908
Adramyttium	@dr@'mIti@m	Ad-ra-myt′ti-um.	chambers1908
Adriatic	,eIdri:'atIk	EY2 D R IY0 AE1 T IH0 K	cmudict
Adriel	'eIdri@l	Ā′dri-el.	chambers1908
Adullam	@'dVl@m	A-dul′lam.	chambers1908
Aeneas	'ani:@s	AE1 N IY0 AH0 S	cmudict
Agabus	'ag@b@s	Ag′a-bus (''or'' -gā′).	chambers1908
Agar	'eIg@	EY1 G ER0	cmudict
Agee	'eIdZ'i:	EY1 JH IY1	cmudict
Agrippa	@gr'Ip@	AH0 G R IH1 P AH0	cmudict
Ahab	'eIh,ab	EY1 HH AE2 B	cmudict
Ahasuerus	@h@su:'i:r@s	A-has-ū-ē′rus.	chambers1908
Ahaziah	eIh@'zaI@	Ā-ha-zī′ah.	chambers1908
Ahijah	@'haIdZ@	A-hī′jah.	chambers1908
Ahimaaz	@'hImeI@z	A-him′ā-az.	chambers1908
Ahimelech	@'hIm@l@k	A-him′e-lech.	chambers1908
Ahinoam	@'hIn@m	A-hin′o-am.	chambers1908
Ahithophel	@'hIT@f@l	A-hith′o-phel.	chambers1908
Ahitub	@'haIt@b	A-hī′tub.	chambers1908
Ai	'aI	AY1	cmudict
Alexander	,al@gz'and@	AE2 L AH0 G Z AE1 N D ER0	cmudict
Alexandria	,al@gz'andri:@	AE2 L AH0 G Z AE1 N D R IY0 AH0	cmudict
Almon	'A:lm@n	AA1 L M AH0 N	cmudict
Alphaeus	@l'fi:@s	Al-phæ′us (-fē′).	chambers1908
Amalek	'am@l@k	Am′a-lek.	chambers1908
Amalekite	'am@l@kaIt	Am′a-lek-īte (''or'' A-mal′).	chambers1908
Aman	'A:m@n	AA1 M AH0 N	cmudict
Amana	@m'an@	AH0 M AE1 N AH0	cmudict
Amasa	'am@s@	AE1 M AH0 S AH0	cmudict
Amaziah	@m@'zaI@	Am-a-zī′ah.	chambers1908
Ami	'A:mi:	AA1 M IY0	cmudict
Aminadab	@'mIn@d@b	A-min′a-dab.	chambers1908
Amorite	'am@raIt	Am′o-rīte.	chambers1908
Amos	'eIm@s	EY1 M AH0 S	cmudict
Amphipolis	@m'fIp@lIs	Am-phip′o-lis.	chambers1908
Amraphel	'amr@f@l	Am′ra-phel.	chambers1908
Anammelech	@'nam@l@k	A-nam′me-lech.	chambers1908
Ananias	@n@'naI@s	An-a-nī′as.	chambers1908
Anathoth	'an@T@T	An′a-thoth.	chambers1908
Andronicus	@ndr@'naIk@s	An-dro-nī′cus.	chambers1908
Annis	'ani:z	AE1 N IY0 Z	cmudict
Antioch	'anti:,A:k	AE1 N T IY0 AA2 K	cmudict
Antiochus	ant'aI@k@s	AE0 N T AY1 AH0 K AH0 S	cmudict
Antipas	'antIp@s	An′ti-pas.	chambers1908
Antipatris	@n'tIp@trIs	An-tip′a-tris.	chambers1908
Apelles	@'pEli:z	A-pel′lēs (′lēz).	chambers1908
Apollonia	@p@'loUni@	Ap-ol-lō′ni-a.	chambers1908
Apollos	@'p0l@s	A-pol′los.	chambers1908
Apollyon	@'p0lI@n	A-pol′ly-on.	chambers1908
Aquila	'akw@l@	AE1 K W AH0 L AH0	cmudict
Ara	'ar@	AE1 R AH0	cmudict
Arabia	@r'eIbi:@	AH0 R EY1 B IY0 AH0	cmudict
Arabian	@r'eIbi:@n	AH0 R EY1 B IY0 AH0 N	cmudict
Arabians	@r'eIbi:@nz	AH0 R EY1 B IY0 AH0 N Z	cmudict
Aramaic	,A:rA:m'EjIk	AA2 R AA0 M EH1 Y IH0 K	cmudict
Aran	'Er@n	EH1 R AH0 N	cmudict
Ararat	'ar@r,A:t	AE1 R AH0 R AA2 T	cmudict
Araunah	@'rO:n@	A-rau′nah.	chambers1908
Archelaus	@k@'leI@s	Ar-che-lā′us.	chambers1908
Archippus	,A:k'Ip@s	AE2 R K IH1 P AH0 S	cmudict
Areopagus	@ri:'0p@g@s	Ar-ē-op′a-gus.	chambers1908
Ares	'A:z	AA1 R Z	cmudict
Aretas	'ar@t@s	Ar′e-tas.	chambers1908
Ariel	'Eri:@l	EH1 R IY0 AH0 L	cmudict
Arioch	'ari@k	A′ri-och.	chambers1908
Aristarchus	@rIs'tA:k@s	Ar-is-tar′chus.	chambers1908
Aristobulus	@rIst@'bju:l@s	Ar-is-to-bū′lus.	chambers1908
Aroer	'ar@	Ar′o-er.	chambers1908
Artemas	'A:t@m@s	Ar′te-mas.	chambers1908
Arumah	@'rVm@	A-ru′mah.	chambers1908
Asa	'A:s@	AA1 S AH0	cmudict
Asahel	'as@h@l	As′a-hel.	chambers1908
Asenath	'as@n@T	As′e-nath.	chambers1908
Ashkenaz	'aSk@n@z	Ash′ke-naz.	chambers1908
Ashtaroth	'aSteIr@T	Ash′tā-roth.	chambers1908
Ashtoreth	@S'toUr@T	Ash-tō′reth.	chambers1908
Asia	'eIZi@	A′si-a (ā′zhi-a).	chambers1908
Asiel	'azi:@l	AE1 Z IY0 AH0 L	cmudict
Assassins	@s'as@nz	AH0 S AE1 S AH0 N Z	cmudict
Assyria	@s'Iri:@	AH0 S IH1 R IY0 AH0	cmudict
Assyrian	@s'Iri:@n	AH0 S IH1 R IY0 AH0 N	cmudict
Assyrians	@s'Iri:@nz	AH0 S IH1 R IY0 AH0 N Z	cmudict
Athaliah	@T@'laI@	Ath-a-lī′ah.	chambers1908
Athenians	@T'i:ni:@nz	AH0 TH IY1 N IY0 AH0 N Z	cmudict
Athens	'aT@nz	AE1 TH AH0 N Z	cmudict
Attalia	@t@'laI@	At-ta-lī′a.	chambers1908
Augustus	A:g'Vst@s	AA0 G AH1 S T AH0 S	cmudict
Azariah	@z@'raI@	Az-a-rī′ah.	chambers1908
Azotus	@'zoUt@s	A-zō′tus.	chambers1908
Baalah	'beI@l@	Bā′al-ah.	chambers1908
Baasha	'beI@S@	Bā′a-sha.	chambers1908
Babel	b'ab@l	B AE1 B AH0 L	cmudict
Babylon	b'ab@l,A:n	B AE1 B AH0 L AA2 N	cmudict
Babylonian	b,ab@l'oUni:@n	B AE2 B AH0 L OW1 N IY0 AH0 N	cmudict
Babylonians	b,ab@l'oUni:@nz	B AE2 B AH0 L OW1 N IY0 AH0 N Z	cmudict
Bahurim	b@'hju:rIm	Ba-hū′rim.	chambers1908
Barabbas	b@'rab@s	Ba-rab′bas.	chambers1908
Barak	b'A:r@k	B AA1 R AH0 K	cmudict
Barnabas	b'A:n@b@s	B AA1 R N AH0 B AH0 S	cmudict
Bartholomew	bA:T'A:l@mj,u:	B AA0 R TH AA1 L AH0 M Y UW2	cmudict
Bartimaeus	b@tI'mi:@s	Bar-ti-mæ′us.	chambers1908
Barzillai	b@'zIleIaI	Bar-zil′lā-ī.	chambers1908
Bathsheba	baTS'i:b@	B AE0 TH SH IY1 B AH0	cmudict
Bazan	b'eIz@n	B EY1 Z AH0 N	cmudict
Becher	b'Ek@	B EH1 K ER0	cmudict
Beeroth	bi'i:r@T	Be-ē′roth.	chambers1908
Beersheba	bi:'3:S@b@	Bē-er′she-ba (''or'' -shē′).	chambers1908
Belial	'bi:li@l	Bē′li-al.	chambers1908
Belshazzar	b@l'Saz@	Bel-shaz′zar.	chambers1908
Belteshazzar	b@lt@'Saz@	Bel-te-shaz′zar.	chambers1908
Benaiah	b@'neIj@	Be-nā′iah (′ya, ''or'' -nī′a).	chambers1908
Bene	b'En@	B EH1 N AH0	cmudict
Benhadad	b@n'heId@d	Ben-hā′dad.	chambers1908
Benjamin	b'EndZ@m@n	B EH1 N JH AH0 M AH0 N	cmudict
Beno	b'eInoU	B EY1 N OW0	cmudict
Benoni	bEn'oUni:	B EH0 N OW1 N IY0	cmudict
Bera	b'Er@	B EH1 R AH0	cmudict
Berea	b@r'i:@	B ER0 IY1 AH0	cmudict
Bernice	b@'naIsi	Ber-nī′çe.	chambers1908
Bethany	b'ET@ni:	B EH1 TH AH0 N IY0	cmudict
Bethhoron	b@T'hoUr@n	Beth-hō′ron.	chambers1908
Bethlehem	b'ETlIh,Em	B EH1 TH L IH0 HH EH2 M	cmudict
Bethsaida	b@T'seIId@	Beth-sā′i-da.	chambers1908
Bethuel	b@'Tju:@l	Be-thū′el (''or'' Beth′).	chambers1908
Boanerges	boU@'n3:dZi:z	Bō-a-ner′gēs (′jēz).	chambers1908
Boaz	b'oUaz	B OW1 AE0 Z	cmudict
Bohan	b'oUh@n	B OW1 HH AH0 N	cmudict
Bunni	b'u:ni:	B UW1 N IY0	cmudict
Caesarea	k,eIs@r'i:@	K EY2 S ER0 IY1 AH0	cmudict
Caiaphas	'keIj@f@s	Cā′ia-phas (kā′ya- ''or'' kī′a-).	chambers1908
Caleb	k'eIl@b	K EY1 L AH0 B	cmudict
Cana	k'an@	K AE1 N AH0	cmudict
Canaan	k'eIn@n	K EY1 N AH0 N	cmudict
Canaanite	k'eIn@n,aIt	K EY1 N AH0 N AY2 T	cmudict
Candace	k'and@s	K AE1 N D AH0 S	cmudict
Capernaum	k@p'3:ni:@m	K AH0 P ER1 N IY0 AH0 M	cmudict
Cappadocia	k@p@'doUSi@	Cap-pa-dō′ci-a (′shi-).	chambers1908
Carchemish	'kA:k@mIS	Car′che-mish.	chambers1908
Carmelite	k'A:m@l,aIt	K AA1 R M AH0 L AY2 T	cmudict
Chaldean	k@l'di:@n	Chal-dē′an.	chambers1908
Chedorlaomer	k@d@'leI@m@	Ched-or-lā′o-mer (''or'' -lā-ō′).	chambers1908
Cherethites	'kEr@TaIts	Cher′eth-ītes.	chambers1908
Chinnereth	'kIn@r@T	Chin′ne-reth.	chambers1908
Chloe	kl'oUi:	K L OW1 IY0	cmudict
Chorazin	k@'reIzIn	Cho-rā′zin.	chambers1908
Claudia	kl'O:di:@	K L AO1 D IY0 AH0	cmudict
Claudius	kl'O:di:@s	K L AO1 D IY0 AH0 S	cmudict
Cleopatra	kl,i:@p'atr@	K L IY2 AH0 P AE1 T R AH0	cmudict
Corinth	k'O:r@nT	K AO1 R AH0 N TH	cmudict
Corinthians	k@r'InTi:@nz	K ER0 IH1 N TH IY0 AH0 N Z	cmudict
Cornelius	kO:n'i:lj@s	K AO0 R N IY1 L Y AH0 S	cmudict
Cos	k'O:s	K AO1 S	cmudict
Cush	k'VS	K AH1 SH	cmudict
Cyrene	saI'ri:ni:	Cy-rē′nē (sī-).	chambers1908
Dalmanutha	d@lm@'nju:T@	Dal-ma-nū′tha.	chambers1908
Dalmatia	d@l'meISi@	Dal-mā′ti-a (′shi-).	chambers1908
Damaris	d@m'A:r@s	D AH0 M AA1 R AH0 S	cmudict
Damascus	d@m'ask@s	D AH0 M AE1 S K AH0 S	cmudict
Daphne	d'afni:	D AE1 F N IY0	cmudict
Dara	d'ar@	D AE1 R AH0	cmudict
Darius	d@r'aI@s	D ER0 AY1 AH0 S	cmudict
Decapolis	d@'kap@lIs	De-cap′o-lis.	chambers1908
Deity	d'i:@ti:	D IY1 AH0 T IY0	cmudict
Delilah	d@l'aIl@	D AH0 L AY1 L AH0	cmudict
Demas	d'i:m@s	D IY1 M AH0 S	cmudict
Demetrius	dIm'i:tri:@s	D IH0 M IY1 T R IY0 AH0 S	cmudict
Deuel	d'u:El	D UW1 EH0 L	cmudict
Dionysius	daI@'nISi@s	Dī-o-nys′i-us (-nish′).	chambers1908
Diotrephes	daI'0tr@fi:z	Dī-ot′re-phēs (-fēz).	chambers1908
Dishon	d'Is@n	D IH1 S AH0 N	cmudict
Dorcas	d'O:k@s	D AO1 R K AH0 S	cmudict
Dothan	d'A:T@n	D AA1 TH AH0 N	cmudict
Drusilla	dr,u:s'Il@	D R UW2 S IH1 L AH0	cmudict
Dura	d'Ur@	D UH1 R AH0	cmudict
Ebedmelech	i:b@d'mi:l@k	Ē-bed-mē′lech.	chambers1908
Ebenezer	,EbIn'i:z@	EH2 B IH0 N IY1 Z ER0	cmudict
Ebron	'Ebr@n	EH1 B R AH0 N	cmudict
Edomite	'i:d@maIt	Ē′dom-īte.	chambers1908
Edrei	'EdriaI	Ed′re-ī.	chambers1908
Egypt	'i:dZ@pt	IY1 JH AH0 P T	cmudict
Elam	'El@m	EH1 L AH0 M	cmudict
Elealeh	@l'i:@l@	El-ē′a-leh.	chambers1908
Eleazar	@li:'eIz@	El-ē-ā′zar.	chambers1908
Eleazer	'El@z@	EH1 L AH0 Z ER0	cmudict
Elhanan	@l'heIn@n	El-hā′nan.	chambers1908
Eli	'i:laI	IY1 L AY0	cmudict
Eliab	@'laI@b	E-lī′ab.	chambers1908
Eliakim	@'laI@kIm	E-lī′a-kim.	chambers1908
Eliashib	@'laI@SIb	E-lī′a-shib.	chambers1908
Eliezer	@li'i:z@	El-i-ē′zer.	chambers1908
Elihu	'ElIhu:	EH1 L IH0 HH UW0	cmudict
Elijah	El'aIdZ@	EH0 L AY1 JH AH0	cmudict
Elimelech	@'lIm@l@k	E-lim′e-lech.	chambers1908
Eliphaz	'ElIf@z	El′i-phaz.	chambers1908
Elisha	'ElIS@	EH1 L IH0 SH AH0	cmudict
Elisheba	@'lIS@b@	E-lish′e-ba (''or'' -shē′).	chambers1908
Elkanah	'Elk@n@	El′ka-nah.	chambers1908
Ellasar	'El@s@	El′la-sar.	chambers1908
Elnathan	'ElneIT@n	El′nā-than.	chambers1908
Eloi	@'loUaI	E-lō′ī.	chambers1908
Elymas	'ElIm@s	El′y-mas.	chambers1908
Enoch	'i:n@k	IY1 N AH0 K	cmudict
Enos	'i:n@s	IY1 N AH0 S	cmudict
Epaphras	'Ep@fr@s	Ep′a-phras.	chambers1908
Epaphroditus	@p@fr@'daIt@s	E-paph-ro-dī′tus.	chambers1908
Ephesus	'EfUs@s	EH1 F UH0 S AH0 S	cmudict
Ephraim	'i:fr@m	IY1 F R AH0 M	cmudict
Ephron	'Efr@n	EH1 F R AH0 N	cmudict
Epicurean	,Ep@kjUr'i:@n	EH2 P AH0 K Y UH0 R IY1 AH0 N	cmudict
Er	@	ER0	cmudict
Esau	'i:s,O:	IY1 S AO2	cmudict
Esdraelon	@sdr@'i:l@n	Es-dra-ē′lon.	chambers1908
Eshtaol	'ESteI@l	Esh′tā-ol.	chambers1908
Ethiopia	,i:Ti:'oUpi:@	IY2 TH IY0 OW1 P IY0 AH0	cmudict
Ethiopian	,i:Ti:'oUpi:@n	IY2 TH IY0 OW1 P IY0 AH0 N	cmudict
Ethiopians	,i:Ti:'oUpi:@nz	IY2 TH IY0 OW1 P IY0 AH0 N Z	cmudict
Eunice	j'u:n@s	Y UW1 N AH0 S	cmudict
Euroclydon	ju:'r0klId@n	Eū-roc′ly-don.	chambers1908
Eutychus	'ju:tIk@s	Eū′ty-chus.	chambers1908
Evilmerodach	i:vIlm@'roUd@k	Ē-vil-me-rō′dach (or -mer′).	chambers1908
Ezekiel	'EzIk,i:l	EH1 Z IH0 K IY2 L	cmudict
Figuratively	fIgj'Ur@tIvli:	F IH0 G Y UH1 R AH0 T IH0 V L IY0	cmudict
Fortunatus	f@tju:'neIt@s	For-tū-nā′tus.	chambers1908
Gabbatha	'gab@T@	Gab′ba-tha.	chambers1908
Gabriel	g'eIbri:@l	G EY1 B R IY0 AH0 L	cmudict
Gadarenes	'gad@ri:nz	Gad′a-rēnes.	chambers1908
Gaddis	g'adIs	G AE1 D IH0 S	cmudict
Gai	g'eI	G EY1	cmudict
Galatia	g@'leISi@	Ga-lā′ti-a (-lā′shi-a)	chambers1908
Galeed	'gali@d	Gal′e-ed.	chambers1908
Galilean	g,al@l'i:@n	G AE2 L AH0 L IY1 AH0 N	cmudict
Galilee	g'al@l,i:	G AE1 L AH0 L IY2	cmudict
Gallio	'galioU	Gal′li-o.	chambers1908
Gamaliel	g@'meIli@l	Ga-mā′li-el.	chambers1908
Gedaliah	g@d@'laI@	Ged-a-lī′ah.	chambers1908
Gederoth	'gEd@r@T	Ged′e-roth.	chambers1908
Gehazi	g@'heIzaI	Ge-hā′zī.	chambers1908
Gemariah	g@m@'raI@	Gem-a-rī′ah.	chambers1908
Gennesaret	g@'nEs@r@t	Gen-nes′a-ret.	chambers1908
Gentile	dZ'Ent,aIl	JH EH1 N T AY2 L	cmudict
Gentiles	dZ'Ent,aIlz	JH EH1 N T AY2 L Z	cmudict
Genubath	g@'nju:b@T	Ge-nū′bath.	chambers1908
Gera	dZ'Er@	JH EH1 R AH0	cmudict
Gergesenes	'g3:g@si:nz	Ger′ge-sēnes.	chambers1908
Gerizim	'gErIzIm	Ger′i-zim (Heb. Ge-riz′zim).	chambers1908
Gershon	g'3:S@n	G ER1 SH AH0 N	cmudict
Gethsemane	g@T'sEm@ni	Geth-sem′a-ne.	chambers1908
Gibbethon	'gIb@T@n	Gib′be-thon.	chambers1908
Gibeah	'gIbi@	Gib′e-ah.	chambers1908
Gibeon	'gIbi@n	Gib′e-on.	chambers1908
Gideon	g'Idi:@n	G IH1 D IY0 AH0 N	cmudict
Gilead	'gIli@d	Gil′e-ad.	chambers1908
Girgashite	'g3:g@SaIt	Gir′gash-īte.	chambers1908
Gob	g'A:b	G AA1 B	cmudict
Golan	g'oUl@n	G OW1 L AH0 N	cmudict
Golgotha	'g0lg@T@	Gol′go-tha.	chambers1908
Gomorrah	g@m'O:r@	G AH0 M AO1 R AH0	cmudict
Goshen	g'oUSIn	G OW1 SH IH0 N	cmudict
Habakkuk	'hab@k@k	Hab′ak-kuk.	chambers1908
Hadad	h'ad@d	HH AE1 D AH0 D	cmudict
Hadadezer	h@d@d'i:z@	Had-ad-ē′zer.	chambers1908
Hadadrimmon	h@d@d'rIm@n	Had-ad-rim′mon.	chambers1908
Hadar	h'ad,3:	HH AE1 D ER2	cmudict
Hagar	h'eIgA:	HH EY1 G AA0 R	cmudict
Haggai	'hageIaI	Hag′gā-ī.	chambers1908
Haman	h'eIm@n	HH EY1 M AH0 N	cmudict
Hanan	h'eIn@n	HH EY1 N AH0 N	cmudict
Hanani	h@'neInaI	Ha-nā′nī.	chambers1908
Hananiah	h@n@'naI@	Han-a-nī′ah.	chambers1908
Hara	h'Er@	HH EH1 R AH0	cmudict
Harosheth	'haroUS@T	Har′ō-sheth (''or'' -rō′).	chambers1908
Hashem	h'aSIm	HH AE1 SH IH0 M	cmudict
Hazael	'hazeI@l	Haz′ā-el (or Hā′).	chambers1908
Heber	h'i:b@	HH IY1 B ER0	cmudict
Hebron	h'Ebr@n	HH EH1 B R AH0 N	cmudict
Heman	h'i:m@n	HH IY1 M AH0 N	cmudict
Hercules	h'3:kj@l,i:z	HH ER1 K Y AH0 L IY2 Z	cmudict
Hermogenes	h@'m0dZ@ni:z	Her-mog′e-nēs (-moj′e-nēz).	chambers1908
Herodians	h@'roUdi@nz	He-rō′di-ans.	chambers1908
Herodias	h@'roUdi@s	He-rō′di-as.	chambers1908
Herodion	h@'roUdi@n	He-rō′di-on.	chambers1908
Hezekiah	h@z@'kaI@	Hez-e-kī′-ah.	chambers1908
Hiddekel	'hId@k@l	Hid′de-kel (''or'' -dek′).	chambers1908
Hierapolis	haI@'rap@lIs	Hī-e-rap′o-lis.	chambers1908
Hittite	h'It,aIt	HH IH1 T AY2 T	cmudict
Hori	h'O:ri:	HH AO1 R IY0	cmudict
Hosea	h@'zi:@	Ho-sē′a (-zē′).	chambers1908
Hoshea	h@'Si:@	Ho-shē′a.	chambers1908
Hymenaeus	haIm@'ni:@s	Hȳ-me-næ′us.	chambers1908
Ichabod	'Ik@b@d	Ich′a-bod.	chambers1908
Iconium	I'koUni@m	I-cō′ni-um.	chambers1908
Immanuel	'Im@nUl	IH1 M AH0 N UH0 L	cmudict
India	'Indi:@	IH1 N D IY0 AH0	cmudict
Indian	'Indi:@n	IH1 N D IY0 AH0 N	cmudict
Ira	'aIr@	AY1 R AH0	cmudict
Isaac	'aIz@k	AY1 Z AH0 K	cmudict
Isaiah	,aIz'eI@	AY2 Z EY1 AH0	cmudict
Iscariot	,Isk'Eri:@t	IH2 S K EH1 R IY0 AH0 T	cmudict
Ishbosheth	'ISb@S@T	Ish′bo-sheth (''or'' -bō′).	chambers1908
Ishi	'ISi:	IH1 SH IY0	cmudict
Ishmael	'ISmi:l	IH1 SH M IY0 L	cmudict
Ishmaelite	'ISmeI@laIt	Ish′mā-el-īte.	chambers1908
Israel	'Izri:@l	IH1 Z R IY0 AH0 L	cmudict
Israelite	'Izr@l,aIt	IH1 Z R AH0 L AY2 T	cmudict
Israelites	'Izr@l,aIts	IH1 Z R AH0 L AY2 T S	cmudict
Issachar	'Is@k@	Is′sa-char.	chambers1908
Italian	,It'alj@n	IH2 T AE1 L Y AH0 N	cmudict
Italians	,It'alj@nz	IH2 T AE1 L Y AH0 N Z	cmudict
Italy	'It@li:	IH1 T AH0 L IY0	cmudict
Ithamar	'IT@m@	Ith′a-mar.	chambers1908
Ittai	'IteIaI	It′tā-ī.	chambers1908
Jaan	dZ'an	JH AE1 N	cmudict
Jabneel	'dZabni@l	Jab′ne-el.	chambers1908
Jairus	'dZeIIr@s	Jā′ir-us.	chambers1908
Jared	dZ'ErId	JH EH1 R IH0 D	cmudict
Jebusite	'dZEbju:saIt	Jeb′ū-sīte.	chambers1908
Jeconiah	dZ@k@'naI@	Jec-o-nī′ah.	chambers1908
Jeduthun	'dZEdju:T@n	Jed′ū-thun.	chambers1908
Jehoahaz	dZ@'hoU@h@z	Je-hō′a-haz.	chambers1908
Jehoash	dZ@'hoU@S	Je-hō′ash.	chambers1908
Jehoiada	dZ@'hOI@d@	Je-hoi′a-da.	chambers1908
Jehoiakim	dZ@'hOI@kIm	Je-hoi′a′-kim.	chambers1908
Jehonadab	dZ@'h0n@d@b	Je-hon′a-dab.	chambers1908
Jehoram	dZ@'hoUr@m	Je-hō′ram.	chambers1908
Jehoshaphat	dZ@'h0S@f@t	Je-hosh′a-phat.	chambers1908
Jehosheba	dZ@'h0S@b@	Je-hosh′e-ba.	chambers1908
Jemimah	dZEm'aIm@	JH EH0 M AY1 M AH0	cmudict
Jeremy	dZ'Er@m,i:	JH EH1 R AH0 M IY2	cmudict
Jerubbaal	dZ@'rVb@l	Je-rub′ba-al (''or'' -bā′).	chambers1908
Jerusha	dZ'Er@S@	JH EH1 R AH0 SH AH0	cmudict
Jeshurun	'dZESu:r@n	Jesh′ū-run.	chambers1908
Jesse	dZ'Esi:	JH EH1 S IY0	cmudict
Jewess	dZ'u:@s	JH UW1 AH0 S	cmudict
Jewry	dZ'u:ri:	JH UW1 R IY0	cmudict
Jezebel	'dZEz@b@l	Jez′e-bel.	chambers1908
Jezreel	'dZEzri@l	Jez′re-el.	chambers1908
Job	dZ'oUb	JH OW1 B	cmudict
Jochebed	'dZ0k@b@d	Joch′e-bed (''or'' -eb′).	chambers1908
Joel	dZ'oU@l	JH OW1 AH0 L	cmudict
Johanan	dZ@'heIn@n	Jo-hā′nan (''or'' Jō′).	chambers1908
John	dZ'A:n	JH AA1 N	cmudict
Jonadab	'dZ0n@d@b	Jon′a-dab.	chambers1908
Jonas	dZ'oUn@s	JH OW1 N AH0 S	cmudict
Jonathan	dZ'A:n@T@n	JH AA1 N AH0 TH AH0 N	cmudict
Josephus	dZoUs'i:f@s	JH OW0 S IY1 F AH0 S	cmudict
Joshua	dZ'A:S,u:@	JH AA1 SH UW2 AH0	cmudict
Judas	dZ'u:d@s	JH UW1 D AH0 S	cmudict
Judea	dZu:d'i:@	JH UW0 D IY1 AH0	cmudict
Judith	dZ'u:d@T	JH UW1 D AH0 TH	cmudict
Juel	dZ'u:l	JH UW1 L	cmudict
Julia	dZ'u:lj@	JH UW1 L Y AH0	cmudict
Julius	dZ'u:lj@s	JH UW1 L Y AH0 S	cmudict
Jupiter	dZ'u:p@t@	JH UW1 P AH0 T ER0	cmudict
Kadmonites	'kadm@naIts	Kad′mon-ītes.	chambers1908
Kain	k'eIn	K EY1 N	cmudict
Kedar	k'i:d@	K IY1 D ER0	cmudict
Kedemoth	'kEd@m@T	Ked′e-moth.	chambers1908
Kenan	k'i:n@n	K IY1 N AH0 N	cmudict
Keren	k'Er,En	K EH1 R EH2 N	cmudict
Kerioth	'ki:ri@T	Kē′ri-oth.	chambers1908
Keturah	k@'tju:r@	Ke-tū′rah.	chambers1908
Keziah	k@z'i:@	K AH0 Z IY1 AH0	cmudict
Kir	k'i@	K IH1 R	cmudict
Kishi	k'i:Si:	K IY1 SH IY0	cmudict
Laban	l'eIb@n	L EY1 B AH0 N	cmudict
Laodicea	leI@dI'si:@	Lā-od-i-çē′a.	chambers1908
Lasea	l@'si:@	La-sē′a.	chambers1908
Latin	l'at@n	L AE1 T AH0 N	cmudict
Leah	l'i:@	L IY1 AH0	cmudict
Lebanon	l'Eb@n@n	L EH1 B AH0 N AH0 N	cmudict
Lemuel	'lEmju:@l	Lem′ū-el.	chambers1908
Levi	l'i:vaI	L IY1 V AY0	cmudict
Libya	l'Ib,i:@	L IH1 B IY2 AH0	cmudict
Libyans	l'Ib,i:@nz	L IH1 B IY2 AH0 N Z	cmudict
Linus	l'aIn@s	L AY1 N AH0 S	cmudict
Lois	l'oU@s	L OW1 AH0 S	cmudict
Lozon	l'oUz@n	L OW1 Z AH0 N	cmudict
Lycaonia	lIk@'oUni@	Lyc-a-ō′ni-a.	chambers1908
Lycia	'lISi@	Lyc-i-a (lish′i-a).	chambers1908
Lydia	l'Idi:@	L IH1 D IY0 AH0	cmudict
Lysanias	laI'seIni@s	Lȳ-sā′ni-as.	chambers1908
Lysias	'lISi@s	Lys-i-as (lish′i-as).	chambers1908
Macedonia	m,as@d'oUni:@	M AE2 S AH0 D OW1 N IY0 AH0	cmudict
Macedonian	m,as@d'oUnj@n	M AE2 S AH0 D OW1 N Y AH0 N	cmudict
Macedonians	m,as@d'oUni:@nz	M AE2 S AH0 D OW1 N IY0 AH0 N Z	cmudict
Machi	m'A:ki:	M AA1 K IY0	cmudict
Machpelah	m@k'pi:l@	Mach-pē′lah (''or'' Mach′).	chambers1908
Magdala	mA:gd'A:l@	M AA0 G D AA1 L AH0	cmudict
Magdalene	m'agd@l,i:n	M AE1 G D AH0 L IY2 N	cmudict
Mahalath	'meIh@l@T	Mā′ha-lath.	chambers1908
Mahanaim	meIh@'neIIm	Mā-ha-nā′im.	chambers1908
Maher	m'A:	M AA1 R	cmudict
Mahlon	m'eIl,O:n	M EY1 L AO2 N	cmudict
Makkedah	m@'ki:d@	Mak-kē′dah.	chambers1908
Malachi	'mal@kaI	Mal′a-chī.	chambers1908
Malta	m'O:lt@	M AO1 L T AH0	cmudict
Manaen	'maneI@n	Man′ā-en.	chambers1908
Manasseh	m@'nas@	Ma-nas′seh.	chambers1908
Mani	m'A:ni:	M AA1 N IY0	cmudict
Manoah	m@'noU@	Ma-nō′ah.	chambers1908
Mareshah	m@'ri:S@	Ma-rē′shah (''or'' Mar′).	chambers1908
Marisa	m@r'Is@	M AH0 R IH1 S AH0	cmudict
Mary	m'Eri:	M EH1 R IY0	cmudict
Mattaniah	m@t@'naI@	Mat-ta-nī′ah.	chambers1908
Matthias	m@T'aI@s	M AH0 TH AY1 AH0 S	cmudict
Medeba	'mEd@b@	Med′e-ba.	chambers1908
Megiddo	m@'gIdoU	Me-gid′do.	chambers1908
Mehetabel	mIh'Et@bIl	M IH0 HH EH1 T AH0 B IH0 L	cmudict
Melchizedek	m@l'kIz@d@k	Mel-chiz′e-dek.	chambers1908
Memphis	m'Emf@s	M EH1 M F AH0 S	cmudict
Menahem	m@n'A:h@m	M AH0 N AA1 HH AH0 M	cmudict
Mephibosheth	m@'fIb@S@T	Me-phib′o-sheth (or Me-phi-bō′).	chambers1908
Merari	'mEr@raI	Mer′a-rī.	chambers1908
Merathaim	m@r@'TeIIm	Mer-a-thā′im.	chambers1908
Mercury	m'3:kj@ri:	M ER1 K Y ER0 IY0	cmudict
Mesopotamia	m,Es@p@t'eImi:@	M EH2 S AH0 P AH0 T EY1 M IY0 AH0	cmudict
Messiah	m@s'aI@	M AH0 S AY1 AH0	cmudict
Methuselah	m@'Tju:s@l@	Me-thū′se-lah.	chambers1908
Micaiah	maI'kaI@	Mī-cai′ah (-kī′a ''or'' -kā′ya).	chambers1908
Michal	m'ItS@l	M IH1 CH AH0 L	cmudict
Midianite	'mIdi@naIt	Mid′i-an-īte.	chambers1908
Miletus	maI'li:t@s	Mī-lē′tus.	chambers1908
Miriam	m'Iri:@m	M IH1 R IY0 AH0 M	cmudict
Mitylene	mItI'li:ni:	Mit-y-lē′nē.	chambers1908
Mizar	m'aIz,A:	M AY1 Z AA2 R	cmudict
Mizraim	'mIzreIIm	Miz′rā-im.	chambers1908
Moabite	'moU@baIt	Mō′ab-īte.	chambers1908
Mordecai	m'O:d@k,aI	M AO1 R D AH0 K AY2	cmudict
Moriah	m@'raI@	Mo-rī′ah.	chambers1908
Moses	m'oUz@s	M OW1 Z AH0 S	cmudict
Mysia	'mIZi@	Mys-i-a (mizh′i-a).	chambers1908
Naaman	'neI@m@n	Nā′a-man.	chambers1908
Naioth	'naI@T	Nai′oth (nī′ ''or'' nā′-yoth).	chambers1908
Naomi	neI'oUmi:	N EY0 OW1 M IY0	cmudict
Naphtali	'naft@laI	Naph′ta-lī.	chambers1908
Narcissus	nA:s'Is@s	N AA0 R S IH1 S AH0 S	cmudict
Nathanael	n'aT@n,eIl	N AE1 TH AH0 N EY2 L	cmudict
Nazarene	'naz@ri:n	Naz′a-rēne.	chambers1908
Nazareth	n'az@rIT	N AE1 Z AH0 R IH0 TH	cmudict
Neapolis	ni'ap@lIs	Ne-ap′o-lis.	chambers1908
Nebaioth	n@'baI@T	Ne-bai′oth (-bī′, ''or'' Ne-bā′yoth).	chambers1908
Nebuchadnezzar	n@bju:k@d'nEz@	Neb-ū-chad-nez′zar.	chambers1908
Nebuzaradan	n@bju:'zar@d@n	Neb-ū-zar′a-dan.	chambers1908
Negev	n'Eg,Ev	N EH1 G EH2 V	cmudict
Nehemiah	n,i:@m'aI@	N IY2 AH0 M AY1 AH0	cmudict
Nehushtan	n@'hVSt@n	Ne-hush′tan.	chambers1908
Neri	n'Eri:	N EH1 R IY0	cmudict
Nicanor	naI'keIn@	Nī-cā′nor.	chambers1908
Nicodemus	nIk@'di:m@s	Nic-o-dē′mus.	chambers1908
Nicolaitans	nIk@'leIIt@nz	Nic-o-lā′i-tans.	chambers1908
Nicolaus	n'Ik@laUz	N IH1 K AH0 L AW0 Z	cmudict
Nicopolis	naI'k0p@lIs	Nī-cop′o-lis.	chambers1908
Nimrod	n'ImrA:d	N IH1 M R AA0 D	cmudict
Nineveh	n'In@v@	N IH1 N AH0 V AH0	cmudict
Noah	n'oU@	N OW1 AH0	cmudict
Obadiah	,oUb@d'aI@	OW2 B AH0 D AY1 AH0	cmudict
Oded	'oUdEd	OW1 D EH0 D	cmudict
Og	'A:g	AA1 G	cmudict
Olympian	oUl'Impi:@n	OW0 L IH1 M P IY0 AH0 N	cmudict
Omega	oUm'Eg@	OW0 M EH1 G AH0	cmudict
Onesimus	@'ni:sIm@s	O-nē′si-mus.	chambers1908
Onesiphorus	@ni:'sIf@r@s	On-ē-siph′o-rus.	chambers1908
Oren	'O:r@n	AO1 R AH0 N	cmudict
Orion	oUr'aI@n	OW0 R AY1 AH0 N	cmudict
Orpah	'O:pA:	AO1 R P AA0	cmudict
Othniel	'0Tni@l	Oth′ni-el.	chambers1908
Outlaws	'aUtl,O:z	AW1 T L AO2 Z	cmudict
Pai	p'A:i:	P AA1 IY0	cmudict
Pamphylia	p@m'fIli@	Pam-phyl′i-a.	chambers1908
Parmenas	'pA:m@n@s	Par′me-nas.	chambers1908
Parvaim	p@'veIIm	Par-vā′im.	chambers1908
Passover	p'as,oUv@	P AE1 S OW2 V ER0	cmudict
Patara	'pat@r@	Pat′a-ra.	chambers1908
Pekahiah	p@k@'haI@	Pek-a-hī′ah.	chambers1908
Pelatiah	p@l@'taI@	Pel-a-tī′ah.	chambers1908
Pelethites	'pi:l@TaIts	Pē′leth-ītes.	chambers1908
Peniel	p@'naI@l	Pe-nī′el.	chambers1908
Pentecost	p'Ent@k,O:st	P EH1 N T AH0 K AO2 S T	cmudict
Penuel	p'EnUl	P EH1 N UH0 L	cmudict
Perazim	'pEr@zIm	Per′a-zim.	chambers1908
Perez	p'ErEz	P EH1 R EH0 Z	cmudict
Perizzite	'pErIzaIt	Per′iz-zīte.	chambers1908
Persepolis	p@s'Ep@l@s	P ER0 S EH1 P AH0 L AH0 S	cmudict
Perseus	p'3:si:@s	P ER1 S IY0 AH0 S	cmudict
Persia	'p3:Si@	Per′-si-a (per′shi-a).	chambers1908
Persis	p'3:sIs	P ER1 S IH0 S	cmudict
Phaltiel	'falti@l	Phal′ti-el.	chambers1908
Pharaoh	f'EroU	F EH1 R OW0	cmudict
Pharisee	f'A:rIs,i:	F AA1 R IH0 S IY2	cmudict
Pharisees	f'A:rIs,i:z	F AA1 R IH0 S IY2 Z	cmudict
Pharoah	f'eIroU	F EY1 R OW0	cmudict
Philadelphia	f,Il@d'Elfi:@	F IH2 L AH0 D EH1 L F IY0 AH0	cmudict
Philemon	f@l'eIm@n	F AH0 L EY1 M AH0 N	cmudict
Philetus	faI'li:t@s	Phī-lē′tus.	chambers1908
Philip	f'Il@p	F IH1 L AH0 P	cmudict
Philippi	fIl'Ipi:	F IH0 L IH1 P IY0	cmudict
Philistia	fIl'Isti:@	F IH0 L IH1 S T IY0 AH0	cmudict
Philistine	f'Il@st,i:n	F IH1 L AH0 S T IY2 N	cmudict
Philistines	f'Il@st,i:nz	F IH1 L AH0 S T IY2 N Z	cmudict
Phinehas	'fIn@h@s	Phin′e-has.	chambers1908
Phoenicia	f@n'i:S@	F AH0 N IY1 SH AH0	cmudict
Phrygia	'frIdZi@	Phryg′i-a (frij′).	chambers1908
Phrygian	fr'IdZi:@n	F R IH1 JH IY0 AH0 N	cmudict
Pihahiroth	paIheI'haIr@T	Pī-hā-hī′roth.	chambers1908
Pilate	p'aIl,Vt	P AY1 L AH2 T	cmudict
Pirathon	'pIr@T@n	Pir′a-thon.	chambers1908
Pleiades	pl'i:@d,i:z	P L IY1 AH0 D IY2 Z	cmudict
Polish	p'A:lIS	P AA1 L IH0 SH	cmudict
Pontius	p'A:nt,i:Is	P AA1 N T IY2 IH0 S	cmudict
Potiphar	'p0tIf@	Pot′i-phar.	chambers1908
Preserver	pri:z'3:v@	P R IY0 Z ER1 V ER0	cmudict
Prochorus	'pr0k@r@s	Proch′o-rus.	chambers1908
Ptolemais	t@l@'meIIs	Ptol-e-mā′is (tol-).	chambers1908
Ptolemy	t'A:l@mi:	T AA1 L AH0 M IY0	cmudict
Publius	'pVbli@s	Pub′li-us.	chambers1908
Purim	p'Ur@m	P UH1 R AH0 M	cmudict
Puteoli	p@'ti:@laI	Pu-tē′o-lī.	chambers1908
Raamah	'reI@m@	Rā′a-mah.	chambers1908
Raamses	reI'amsi:z	Rā-am′sēs (′sēz).	chambers1908
Rabbi	r'ab,aI	R AE1 B AY2	cmudict
Rabshakeh	'rabS@keI	Rab′sha-keh (-kā).	chambers1908
Raguel	r@'gju:@l	Ra-gū′el.	chambers1908
Ramathaim	reIm@T'aIm	Rā-math-a′im.	chambers1908
Raphael	r,A:faI'El	R AA2 F AY0 EH1 L	cmudict
Reba	r'i:b@	R IY1 B AH0	cmudict
Rebekah	r@'bEk@	Re-bek′ah.	chambers1908
Rechabites	'ri:k@baIts	Rē′chab-ītes (''or'' Rech′).	chambers1908
Rehoboam	ri:h@'boU@m	Rē-ho-bō′am.	chambers1908
Rehoboth	r@'hoUb@T	Re-hō′both.	chambers1908
Rephaim	'rEfeIIm	Reph′ā-im.	chambers1908
Rephidim	'rEfIdIm	Reph′i-dim.	chambers1908
Rhegium	'ri:dZi@m	Rhē′gi-um (rē′ji-).	chambers1908
Rogel	r'oUg@l	R OW1 G AH0 L	cmudict
Rosh	r'O:S	R AO1 SH	cmudict
Sabeans	s@'bi:@nz	Sa-bē′ans.	chambers1908
Salamis	'sal@mIs	Sal′a-mis.	chambers1908
Salmone	s@l'moUni:	Sal-mō′nē.	chambers1908
Salome	s@l'oUmi:	S AH0 L OW1 M IY0	cmudict
Samaria	s,eIm@r'i:@	S EY2 M ER0 IY1 AH0	cmudict
Samaritan	s@m'ErIt@n	S AH0 M EH1 R IH0 T AH0 N	cmudict
Samaritans	s@m'ErIt@nz	S AH0 M EH1 R IH0 T AH0 N Z	cmudict
Samos	s'eImA:s	S EY1 M AA0 S	cmudict
Sanballat	s@n'bal@t	San-bal′lat.	chambers1908
Sapphira	s@'faIr@	Sap-phī′ra (saf-fī′).	chambers1908
Sarah	s'Er@	S EH1 R AH0	cmudict
Scythian	s'ITi:@n	S IH1 TH IY0 AH0 N	cmudict
Secundus	s@'kVnd@s	Se-cun′dus.	chambers1908
Seleucia	s@'lju:Si@	Se-leu′ci-a (′shi-a ''or'' Se-leu-çī′a).	chambers1908
Sennacherib	s@'nak@rIb	Sen-nach′e-rib.	chambers1908
Sepharad	'sEf@r@d	Seph′a-rad.	chambers1908
Sepharvaim	s@f@'veIIm	Seph-ar-vā′im.	chambers1908
Sergius	s'3:dZj@s	S ER1 JH Y AH0 S	cmudict
Shalmaneser	S@lm@'ni:z@	Shal-ma-nē′ser (′zer).	chambers1908
Sharezer	S@'ri:z@	Sha-rē′zer.	chambers1908
Sheba	S'i:b@	SH IY1 B AH0	cmudict
Shemaiah	S@m'aI@	Shem-ai′ah (-ī′a).	chambers1908
Shephatiah	S@f@'taI@	Sheph-a-tī′ah.	chambers1908
Sheshbazzar	S@S'baz@	Shesh-baz′zar.	chambers1908
Shibboleth	S'Ib@l,ET	SH IH1 B AH0 L EH2 TH	cmudict
Shimei	'SImiaI	Shim′e-ī.	chambers1908
Shimon	S'i:moUn	SH IY1 M OW0 N	cmudict
Sidon	s'aId@n	S AY1 D AH0 N	cmudict
Silas	s'aIl@s	S AY1 L AH0 S	cmudict
Siloam	sI'loU@m	Si-lō′am.	chambers1908
Silvanus	sIl'veIn@s	Sil-vā′nus.	chambers1908
Simeon	s'Imi:@n	S IH1 M IY0 AH0 N	cmudict
Sinai	s'aIn,aI	S AY1 N AY2	cmudict
Sisera	'sIs@r@	Sis′e-ra.	chambers1908
Smyrna	sm'3:n@	S M ER1 N AH0	cmudict
Soco	s'oUk'oU	S OW1 K OW1	cmudict
Sodom	s'O:d@m	S AO1 D AH0 M	cmudict
Solomon	s'A:l@m@n	S AA1 L AH0 M AH0 N	cmudict
Sopater	'soUp@t@	Sō′pa-ter.	chambers1908
Sosipater	soU'sIp@t@	Sō-sip′a-ter.	chambers1908
Sosthenes	's0sT@ni:z	Sos′the-nēs (-nēz).	chambers1908
Sparta	sp'A:tA:	S P AA1 R T AA0	cmudict
Stalwart	st'O:lw@t	S T AO1 L W ER0 T	cmudict
Stephanas	'stEf@n@s	Steph′a-nas.	chambers1908
Susa	s'u:s@	S UW1 S AH0	cmudict
Susi	s'u:si:	S UW1 S IY0	cmudict
Syntyche	'sIntIki:	Syn′ty-chē.	chambers1908
Syracuse	'sIr@kju:s	Syr′a-cūse.	chambers1908
Syria	s'Iri:@	S IH1 R IY0 AH0	cmudict
Syrian	s'Iri:@n	S IH1 R IY0 AH0 N	cmudict
Syrians	s'Iri:@nz	S IH1 R IY0 AH0 N Z	cmudict
Taanach	'teI@n@k	Tā′a-nach.	chambers1908
Tabitha	t'abIT@	T AE1 B IH0 TH AH0	cmudict
Tabor	t'eIb@	T EY1 B ER0	cmudict
Tahpanhes	'tap@nhi:z	Tah′pan-hēs (-hēz).	chambers1908
Tahpenes	'tap@ni:z	Tah′pe-nēs (-nēz).	chambers1908
Talitha	t'alID@	T AE1 L IH0 DH AH0	cmudict
Tanis	t'anIs	T AE1 N IH0 S	cmudict
Tappuah	t@'pju:@	Tap-pū′ah.	chambers1908
Tehaphnehes	t@'hafn@hi:z	Te-haph′ne-hēs (-hēz).	chambers1908
Tekoah	t@'koU@	Te-kō′ah.	chambers1908
Tertius	't3:Si@s	Ter′ti-us (′shi-us).	chambers1908
Tertullus	t@'tVl@s	Ter-tul′lus.	chambers1908
Thaddaeus	T@'di:@s	Thad-dæ′us.	chambers1908
Theophilus	Ti'0fIl@s	The-oph′i-lus.	chambers1908
Thessalonica	T@s@l@'naIk@	Thes-sa-lo-nī′ca.	chambers1908
Thomas	t'A:m@s	T AA1 M AH0 S	cmudict
Thyatira	TaI@'taIr@	Thȳ-a-tī′ra.	chambers1908
Tiberias	taI'bi:ri@s	Tī-bē′ri-as.	chambers1908
Tiberius	taI'bi:ri@s	Tī-bē′ri-us.	chambers1908
Tigris	t'aIgr@s	T AY1 G R AH0 S	cmudict
Timnathserah	tImn@T'si:r@	Tim-nath-sē′rah.	chambers1908
Timon	t'aIm@n	T AY1 M AH0 N	cmudict
Timothy	t'Im@Ti:	T IH1 M AH0 TH IY0	cmudict
Tirhakah	't3:h@k@	Tir′ha-kah.	chambers1908
Tirhanah	't3:h@n@	Tir′ha-nah.	chambers1908
Tobiah	t@'baI@	To-bī′ah.	chambers1908
Tobijah	t@'baIdZ@	To-bī′jah.	chambers1908
Togarmah	t@'gA:m@	To-gar′mah.	chambers1908
Tolman	t'A:lm@n	T AA1 L M AH0 N	cmudict
Trachonitis	tr@k@'naItIs	Trach-o-nī′tis.	chambers1908
Tryphosa	traI'foUs@	Trȳ-phō′sa.	chambers1908
Tubal	t'u:b@l	T UW1 B AH0 L	cmudict
Tychicus	'tIkIk@s	Tych′i-cus.	chambers1908
Tyrannus	tI'ran@s	Ty-ran′nus.	chambers1908
Ulam	j'u:lam	Y UW1 L AE0 M	cmudict
Uri	j'3:ri:	Y ER1 IY0	cmudict
Uriah	ju:'raI@	U-rī′ah (ū-).	chambers1908
Urias	j@r'i:@z	Y ER0 IY1 AH0 Z	cmudict
Urijah	ju:'raIdZ@	U-rī′jah (ū-).	chambers1908
Uzziah	@'zaI@	Uz-zī′ah.	chambers1908
Vashti	v'aSti:	V AE1 SH T IY0	cmudict
Vindicate	v'Ind@keIt	V IH1 N D AH0 K EY0 T	cmudict
Zacchaeus	z@'ki:@s	Zac-chæ′us.	chambers1908
Zachariah	z,ak@r'aI@	Z AE2 K ER0 AY1 AH0	cmudict
Zacharias	z,ak@r'aI@s	Z AE2 K ER0 AY1 AH0 S	cmudict
Zachary	z'ak@ri:	Z AE1 K ER0 IY0	cmudict
Zadok	z'A:d@k	Z AA1 D AH0 K	cmudict
Zalmunna	z@l'mVn@	Zal-mun′na.	chambers1908
Zarephath	'zar@f@T	Zar′e-phath.	chambers1908
Zebedee	'zEb@di:	Zeb′e-dee.	chambers1908
Zeboiim	z@'bOIIm	Ze-boi′im.	chambers1908
Zeboim	z@'boUIm	Ze-bō′im.	chambers1908
Zebulun	'zEbju:l@n	Zeb′ū-lun.	chambers1908
Zechariah	z@k@'raI@	Zech-a-rī′ah.	chambers1908
Zecher	z'Ek@	Z EH1 K ER0	cmudict
Zedekiah	z,Ed@k'aI@	Z EH2 D AH0 K AY1 AH0	cmudict
Zelek	z'ElIk	Z EH1 L IH0 K	cmudict
Zelophehad	z@'loUf@h@d	Ze-lō′phe-had.	chambers1908
Zemaraim	z@m@'reIIm	Zem-a-rā′im.	chambers1908
Zephaniah	z@f@'naI@	Zeph-a-nī′ah.	chambers1908
Zephathah	'zEf@T@	Zeph′a-thah.	chambers1908
Zerubbabel	z@'rVb@b@l	Ze-rub′ba-bel.	chambers1908
Zeruiah	z@ru:'aI@	Zer-ū-ī′ah.	chambers1908
Zeus	z'u:s	Z UW1 S	cmudict
Zia	z'i:@	Z IY1 AH0	cmudict
Zipporah	zI'poUr@	Zip-pō′rah.	chambers1908
